Date,Open,High,Low,Close,RSI,ATR,Regime,Position_Size,Portfolio_Value
2025-10-27 00:00:00,114497.9,115129.1,114300.0,114705.0,82.54698230977169,604.790532816365,2,0.0,100.0
2025-10-27 01:00:00,114705.0,115343.1,114650.0,115217.8,84.80803201363007,611.0983519009109,2,0.0,100.0
2025-10-27 02:00:00,115217.7,115407.7,114769.3,114831.1,76.7348781899361,613.048469622274,2,0.0,100.0
2025-10-27 03:00:00,114831.0,115222.6,114781.1,114927.7,77.3157995638137,600.7950075063973,2,0.0,100.0
2025-10-27 04:00:00,114927.8,115254.0,114925.6,115215.5,78.99833456453791,581.33822125594,2,0.0,100.0
2025-10-27 05:00:00,115215.5,115629.4,115215.4,115511.1,80.59072062127754,569.3854911662299,2,0.0,100.0
2025-10-27 06:00:00,115511.1,116098.9,115309.0,116008.8,82.93661148628456,585.1365275114988,0,0.0,100.0
2025-10-27 07:00:00,116008.9,116380.2,115459.4,115522.5,73.57883606181116,609.1124898321063,1,0.0,100.0
2025-10-27 08:00:00,115522.4,115575.1,114860.0,114990.2,64.94139978663097,616.6830262726706,1,0.0,100.0
2025-10-27 09:00:00,114990.1,115334.6,114780.2,115204.7,66.64082760943691,612.2342386817662,0,0.0,100.0
2025-10-27 10:00:00,115204.8,115526.3,115068.0,115411.8,68.24151110828907,601.2389359187831,0,0.0,100.0
2025-10-27 11:00:00,115411.9,115497.0,115063.3,115302.3,66.4266180243044,589.2718690674412,1,0.0,100.0
2025-10-27 12:00:00,115302.3,115385.7,114920.2,115016.4,61.80483471893262,580.4310212769097,1,0.0,100.0
2025-10-27 13:00:00,115016.3,115370.8,114530.7,115210.4,63.652868225650224,598.9788054714166,0,0.0,100.0
2025-10-27 14:00:00,115210.3,115311.3,114433.0,114751.0,56.66148161780037,618.9303193663156,1,0.0013742972277965648,98.80610661606215
2025-10-27 15:00:00,114750.8,115195.5,114717.5,114914.4,58.41119737122387,608.8638679830074,0,0.0,99.30372326887012
2025-10-27 16:00:00,114914.5,115599.9,114818.1,115438.1,63.497798725552805,621.2164488413632,0,0.0013682436246085,100.58968965310493
2025-10-27 17:00:00,115438.1,115700.0,115251.6,115647.4,65.32321312771799,608.8724167812654,0,0.0013682436246085,101.10082194742893
2025-10-27 18:00:00,115647.3,115744.8,115251.9,115277.9,59.651745335643334,600.5886727254614,1,0.0013682436246085,100.17058047193011
2025-10-27 19:00:00,115277.9,115278.1,114712.4,114894.9,54.38130865125587,598.0966246736435,1,0.0,99.7205816044513
2025-10-27 20:00:00,114894.8,114894.8,114349.9,114405.4,48.48513022708568,594.3040086255262,1,-0.001374220447328076,100.87189053082709
2025-10-27 21:00:00,114405.4,114602.6,114067.5,114258.1,46.83936934314911,590.0751508665604,1,-0.001374220447328076,101.22815443335597
2025-10-27 22:00:00,114258.0,114555.1,114012.0,114078.9,44.845059134528185,586.7197829475208,1,-0.001374220447328076,101.6615725686797
2025-10-27 23:00:00,114078.9,114180.2,113792.4,114064.1,44.67587364171805,572.5112270226981,1,-0.001374220447328076,101.69736826289167
2025-10-28 00:00:00,114064.2,114331.3,113710.0,113921.6,42.993996870228294,575.9961393782198,1,-0.001374220447328076,102.04202275108156
2025-10-28 01:00:00,113921.5,114500.1,113921.5,114377.6,49.54035781044118,576.1821294226331,0,-0.001374220447328076,100.92347304966272
2025-10-28 02:00:00,114377.5,114428.3,113477.5,113878.4,43.63305308395316,602.9405487495882,1,0.0,100.3512210126964
2025-10-28 03:00:00,113878.4,114066.0,113661.9,113863.9,43.47090678365854,588.7376524103323,1,-0.0013952552307558116,100.35425559236491
2025-10-28 04:00:00,113864.0,114034.0,113706.8,113914.2,44.244941400964954,570.0563915238798,1,-0.0013952552307558116,100.23073643729656
2025-10-28 05:00:00,113914.1,113949.0,113422.0,113561.9,40.103081095495966,566.9809349864598,1,-0.0013952552307558116,101.09586165261624
2025-10-28 06:00:00,113561.8,114140.7,113561.8,114060.1,47.57671496679184,567.8322967731409,0,-0.0013952552307558116,99.87245721812212
2025-10-28 07:00:00,114060.1,114320.6,114039.0,114128.7,48.52906040864857,547.387132717917,1,0.0,100.03250649846284
2025-10-28 08:00:00,114128.8,114430.3,114058.0,114370.5,51.84944533817379,534.8809089523517,1,-0.0013877736446301367,99.40968977937602
2025-10-28 09:00:00,114370.5,114588.0,114138.0,114470.0,53.18769706408828,528.8179868843265,1,-0.0013877736446301367,99.15079082216607
2025-10-28 10:00:00,114470.0,114555.0,114364.7,114543.5,54.20032032686601,504.63813067830336,1,-0.0013877736446301367,98.97126842349671
2025-10-28 11:00:00,114543.4,114619.2,114217.2,114290.7,50.17972310936361,497.30683562985314,1,-0.0013877736446301367,99.58872777565472
2025-10-28 12:00:00,114290.6,114467.6,114080.8,114402.2,51.87538199836975,489.413490227721,1,-0.0013877736446301367,99.3163910756325
2025-10-28 13:00:00,114402.1,115470.0,114402.1,115469.9,64.3781864525673,530.7339552114548,0,-0.0013877736446301367,96.7085534557785
2025-10-28 14:00:00,115470.0,116074.3,114130.7,115021.8,57.61312200837855,631.6529584106371,1,0.0,98.09003306120945
2025-10-28 15:00:00,115021.8,115354.2,114444.0,114571.9,51.7349417878204,651.54917566702,1,0.0,98.09003306120945
2025-10-28 16:00:00,114571.7,115450.1,114468.0,115296.1,58.98854613829271,675.1599488336619,0,0.0,98.09003306120945
2025-10-28 17:00:00,115296.1,115554.5,115170.2,115246.7,58.344416267123066,654.3842382026862,2,0.001347046595796229,97.93575352394014
2025-10-28 18:00:00,115246.6,115324.5,114589.1,114971.1,54.75234131403207,660.1710783310654,1,0.001347046595796229,97.2526608070255
2025-10-28 19:00:00,114971.1,115040.9,113500.0,113629.0,41.388853222788306,723.080287021703,1,0.0,97.58865588475955
2025-10-28 20:00:00,113629.0,113647.4,112268.1,112744.6,35.278386411868,769.9531236630091,1,-0.0013598233885498943,99.67360517004394
2025-10-28 21:00:00,112744.6,113166.0,112121.4,112935.5,37.425859676844354,789.5707576870803,0,-0.0013598233885498943,99.21672626866541
2025-10-28 22:00:00,112935.4,113233.0,112768.0,113164.2,39.99456302544108,766.3871321380032,0,0.0,98.46867143518054
2025-10-28 23:00:00,113164.2,113164.2,112716.7,112833.5,37.591519408762785,743.6094798424315,1,0.0,98.46867143518054
2025-10-29 00:00:00,112833.5,112871.3,112371.1,112382.5,34.54326563521224,726.2230884251147,1,-0.0013817592272894943,99.53349534983052
2025-10-29 01:00:00,112382.5,112927.5,112036.1,112435.4,35.20693773402057,738.0214392518918,0,-0.0013817592272894943,99.3893194830969
2025-10-29 02:00:00,112435.4,112743.3,112352.2,112617.9,37.55906336580303,713.2413364481856,1,0.0,98.93941141478318
2025-10-29 03:00:00,112617.9,112617.9,112276.0,112459.6,36.32718868933833,686.7169552733147,1,-0.0013910228131887269,99.29484741476497
2025-10-29 04:00:00,112459.6,112843.0,112443.5,112755.6,40.27199140719909,666.201458468078,0,-0.0013910228131887269,98.57018017000618
2025-10-29 05:00:00,112755.5,113320.0,112750.0,112987.0,43.23289545331124,659.3299257203581,0,0.0,98.6837392698068
2025-10-29 06:00:00,112987.0,113309.0,112909.5,113232.1,46.27111243721156,640.7706453117612,0,0.0,98.6837392698068
2025-10-29 07:00:00,113232.1,113525.0,113168.6,113511.9,49.58810250218761,620.4584563609208,0,0.0,98.6837392698068
2025-10-29 08:00:00,113512.0,113581.7,112888.0,113005.4,44.261187068942284,625.6899951922834,1,0.0013765010879375709,97.36861091443602
2025-10-29 09:00:00,113005.3,113043.6,112700.0,112935.2,43.562704627431714,605.5407098214064,1,0.0,97.90679169441775
2025-10-29 10:00:00,112935.2,113154.4,112666.0,112810.3,42.28414782278149,597.1735162627341,1,-0.0013726374668791906,98.17675144013285
2025-10-29 11:00:00,112810.4,113210.0,112692.4,113084.5,46.029166702596946,591.4896936725393,0,-0.0013726374668791906,97.51432757971669
2025-10-29 12:00:00,113084.6,113281.6,113001.2,113102.5,46.275611761909715,569.2690012673585,1,0.0,97.63811979149
2025-10-29 13:00:00,113102.4,113593.0,112647.2,112824.7,43.011325490020496,596.1640726054045,1,-0.0013668459111855103,98.27447678591174
2025-10-29 14:00:00,112824.7,112874.2,112190.8,112438.9,38.906686376951036,602.3952102764467,1,-0.0013668459111855103,99.20257609437401
2025-10-29 15:00:00,112439.0,112517.0,111326.5,111460.6,30.863445514928088,644.4026952567006,1,-0.0013668459111855103,101.55602231902047
2025-10-29 16:00:00,111460.7,111480.3,110888.0,111060.0,28.284844222070234,640.6810741669365,1,-0.0013668459111855103,102.5197252297773
2025-10-29 17:00:00,111060.0,111872.7,110941.6,111819.3,38.73328573796459,661.4252831550118,0,-0.0013668459111855103,100.67793590244851
2025-10-29 18:00:00,111819.3,111963.0,109026.4,110743.0,31.686123041417687,823.9377629296544,1,0.0,99.3137157617162
2025-10-29 19:00:00,110743.0,111398.3,110100.0,110605.6,30.91289479593594,857.8207798632507,1,0.0,99.3137157617162
2025-10-29 20:00:00,110605.9,111494.1,110342.1,111372.0,39.74537088000899,878.8335813015899,0,0.0,99.3137157617162
2025-10-29 21:00:00,111371.9,111744.0,111318.3,111558.3,41.69665707947363,846.4668969229047,1,0.0,99.3137157617162
2025-10-29 22:00:00,111558.2,111562.8,110900.2,110974.9,37.59125554762823,833.3335471426976,1,-0.0014095474440065623,100.72853289610094
2025-10-29 23:00:00,110974.9,111023.3,109686.4,109985.6,31.862273839767894,869.3025794896485,1,-0.0014095474440065623,103.18279180008695
2025-10-30 00:00:00,109985.6,110524.6,109670.6,110496.3,37.184348975618406,868.2095380975308,0,-0.0014095474440065623,101.91584545189565
2025-10-30 01:00:00,110496.3,110675.0,110189.0,110405.5,36.6364364072709,840.90885680485,1,0.0,100.73077496243748
2025-10-30 02:00:00,110405.5,110957.9,110251.4,110925.8,41.917808157333496,831.3082241759321,0,-0.0014445873954696642,99.37523030525226
2025-10-30 03:00:00,110925.9,110940.7,110460.7,110694.5,40.30931558965409,806.214779591937,1,0.0,99.91346650894941
2025-10-30 04:00:00,110694.4,110694.5,107817.3,108503.7,28.970113933579952,954.1422953353699,1,-0.0014291254034527752,105.39121792980754
2025-10-30 05:00:00,108503.7,110385.0,108366.0,110199.7,42.463684905563646,1030.2035599542721,0,-0.0014291254034527752,101.12533576551715
2025-10-30 06:00:00,110199.7,110933.0,109917.2,110720.0,45.8615362076944,1029.174734243253,2,0.0,100.55573934523201
2025-10-30 07:00:00,110720.1,111565.1,110601.7,111313.5,49.52341425890483,1024.4765389401641,2,0.0,100.55573934523201
2025-10-30 08:00:00,111313.6,111400.0,110594.6,110649.6,45.79215314396352,1008.828214730152,2,0.0,100.55573934523201
2025-10-30 09:00:00,110649.6,110749.8,110058.5,110129.5,43.0553648347471,986.1476279637128,2,0.0,100.55573934523201
2025-10-30 10:00:00,110129.6,110193.4,109752.4,110055.2,42.663091213606535,947.2085116805905,2,0.0,100.55573934523201
2025-10-30 11:00:00,110055.2,110103.0,109638.6,109666.0,40.57756106656665,912.7221894176907,2,0.0,100.55573934523201
2025-10-30 12:00:00,109665.9,109736.3,108216.5,108337.8,34.39781853693505,956.0848901735702,1,0.0,100.55573934523201
2025-10-30 13:00:00,108337.9,108682.0,107350.0,107582.2,31.462279977642794,982.9359694468866,1,0.0,100.55573934523201
2025-10-30 14:00:00,107582.2,108320.9,107564.8,108212.1,36.339697443155856,966.7334002006797,0,0.0,100.55573934523201
2025-10-30 15:00:00,108212.1,108292.2,107254.1,107670.6,34.09352197557446,971.8310144720592,1,0.0,100.55573934523201
2025-10-30 16:00:00,107670.5,108184.0,107516.1,108100.0,37.397970911215076,950.1216562954831,0,0.0,100.55573934523201
2025-10-30 17:00:00,108100.0,108113.5,106745.3,107446.3,34.55735470787124,979.9843951315198,1,0.0,100.55573934523201
2025-10-30 18:00:00,107446.2,107521.5,106736.8,106793.7,31.948397989900386,966.0355097649825,1,0.0,100.55573934523201
2025-10-30 19:00:00,106793.7,107122.1,106200.0,106495.1,30.802515747846996,962.8972590674841,1,0.0,100.55573934523201
2025-10-30 20:00:00,106494.3,107600.0,106257.0,107441.2,38.34773496822768,990.0474548483782,0,0.0,100.55573934523201
2025-10-30 21:00:00,107441.2,107886.6,107333.7,107847.7,41.30889600636457,958.8226366449233,2,0.0,100.55573934523201
2025-10-30 22:00:00,107847.7,107865.6,107396.7,107858.7,41.39093014784429,923.8281625988581,2,0.0,100.55573934523201
2025-10-30 23:00:00,107858.6,108300.0,107530.3,108263.5,44.46706578948668,912.8190081275109,2,0.0,100.55573934523201
2025-10-31 00:00:00,108263.6,109583.4,108226.6,109276.3,51.34747001451001,944.5319361184022,2,0.0,100.55573934523201
2025-10-31 01:00:00,109276.3,110014.4,109122.9,109585.3,53.250559545215346,940.7439406813735,2,0.0,100.55573934523201
2025-10-31 02:00:00,109585.3,109644.1,108511.7,108816.3,48.19774820123873,954.4336592041332,2,0.0,100.55573934523201
2025-10-31 03:00:00,108816.3,109287.0,108568.7,109186.2,50.6247009536353,937.5669692609811,2,0.0,100.55573934523201
2025-10-31 04:00:00,109186.3,110200.0,109062.7,110052.5,55.84248364722583,951.8336143137684,2,0.0,100.55573934523201
2025-10-31 05:00:00,110052.5,110052.5,109645.3,109856.6,54.44142429754948,912.9312132913561,2,0.0,100.55573934523201
2025-10-31 06:00:00,109856.6,109930.4,109470.9,109604.2,52.60995625277994,880.5432694848307,2,0.0,100.55573934523201
2025-10-31 07:00:00,109604.2,109785.6,109209.3,109400.1,51.11256302896807,858.8116073787717,2,0.0,100.55573934523201
2025-10-31 08:00:00,109400.0,110064.1,109159.0,110013.0,55.233121105784896,862.1179211374313,2,0.0,100.55573934523201
2025-10-31 09:00:00,110013.0,110410.0,109761.0,109813.3,53.6464997750531,846.8952124847576,2,0.0,100.55573934523201
2025-10-31 10:00:00,109813.3,110083.9,109665.4,109780.1,53.37200635709994,816.295554450132,2,0.0,100.55573934523201
2025-10-31 11:00:00,109780.2,110500.0,109408.6,110375.7,57.56668587018098,835.9458719894079,2,0.0,100.55573934523201
2025-10-31 12:00:00,110375.7,110666.0,109566.7,109610.7,51.19608707867781,854.7568811330218,2,0.0,100.55573934523201
2025-10-31 13:00:00,109610.7,110200.0,109308.1,110120.9,54.78953767030939,857.4099610520913,2,0.0,100.55573934523201
2025-10-31 14:00:00,110120.8,111100.0,109541.0,110750.5,58.81913328772641,907.5235352626562,0,0.0,100.55573934523201
2025-10-31 15:00:00,110750.5,111233.0,110081.9,110160.1,53.96203235780536,924.921854172467,1,0.0014375849676821686,98.96140032471757
2025-10-31 16:00:00,110160.1,110273.2,108627.2,108812.9,44.8591321194259,976.4274360172908,1,0.0,99.64188573997133
2025-10-31 17:00:00,108812.8,109387.2,108600.0,109269.5,48.05732264831973,962.911190587484,0,-0.001449886172395809,98.44413676799854
2025-10-31 18:00:00,109269.5,109837.4,108919.5,109415.8,49.07648232851026,959.6961055455206,2,0.0,98.91490285023924
2025-10-31 19:00:00,109415.7,110231.0,109076.5,109802.8,51.77215456181952,973.6106694351263,2,0.0,98.91490285023924
2025-10-31 20:00:00,109802.7,109802.7,109405.2,109455.4,49.251729953365896,932.4670501897606,2,0.0,98.91490285023924
2025-10-31 21:00:00,109455.4,109718.7,109277.7,109530.1,49.81745528219107,897.362260890492,2,0.0,98.91490285023924
2025-10-31 22:00:00,109530.2,109770.3,109436.1,109543.0,49.92127776549404,857.1363851125997,2,0.0,98.91490285023924
2025-10-31 23:00:00,109543.0,109641.9,109475.6,109557.3,50.04465972528203,807.7909290331274,2,0.0,98.91490285023924
2025-11-01 00:00:00,109557.2,109725.0,109351.5,109689.7,51.24243963151682,776.7701483879041,2,0.0,98.91490285023924
2025-11-01 01:00:00,109689.7,110052.5,109656.2,109690.0,51.245292157525554,749.5937092173398,2,0.0,98.91490285023924
2025-11-01 02:00:00,109690.0,109847.3,109432.0,109750.0,51.8520013352759,725.7155871303872,2,0.0,98.91490285023924
2025-11-01 03:00:00,109750.0,110300.0,109750.0,110194.6,56.20138095575631,713.164473763931,2,0.0,98.91490285023924
2025-11-01 04:00:00,110194.6,110557.0,110073.2,110245.8,56.68662066114389,696.7812970665076,2,0.0,98.91490285023924
2025-11-01 05:00:00,110245.8,110338.0,110000.0,110087.7,54.67238390767326,671.1540615617571,2,0.0,98.91490285023924
2025-11-01 06:00:00,110087.7,110125.0,109885.5,109956.2,52.98595032124093,640.3216285930602,2,0.0,98.91490285023924
2025-11-01 07:00:00,109956.2,110224.0,109945.0,110025.3,53.792535702257794,614.512940836413,2,0.0,98.91490285023924
2025-11-01 08:00:00,110025.3,110237.6,110025.3,110200.3,55.85800764697851,585.7834450623837,2,0.0,98.91490285023924
2025-11-01 09:00:00,110200.3,110213.4,109925.0,109954.6,52.32177046614207,564.5417704150702,2,0.0,98.91490285023924
2025-11-01 10:00:00,109954.6,110151.0,109803.0,110119.4,54.40671067381855,549.0745010997081,2,0.0,98.91490285023924
2025-11-01 11:00:00,110119.5,110207.1,109958.6,110096.2,54.04839013027904,527.6048938783003,2,0.0,98.91490285023924
2025-11-01 12:00:00,110096.3,110164.4,109956.5,109972.0,52.07125840083923,504.7688300298499,2,0.0,98.91490285023924
2025-11-01 13:00:00,109972.1,110015.0,109654.5,109899.6,50.90231882182187,494.46391359914634,2,0.0,98.91490285023924
2025-11-01 14:00:00,109899.7,109945.8,109679.5,109880.0,50.57133967101741,478.16649119920754,2,0.0,98.91490285023924
2025-11-01 15:00:00,109880.0,110300.0,109854.4,110253.2,56.386412158001995,475.8403132564074,2,0.0,98.91490285023924
2025-11-01 16:00:00,110253.1,110486.4,110144.0,110413.7,58.64000205199051,466.30886230952075,2,0.0,98.91490285023924
2025-11-01 17:00:00,110413.8,110455.5,110125.1,110160.1,53.90078040667502,456.6010864302688,2,0.0,98.91490285023924
2025-11-01 18:00:00,110160.1,110325.1,110145.5,110294.9,55.939187273219346,436.8152945423929,2,0.0,98.91490285023924
2025-11-01 19:00:00,110294.9,110294.9,110171.7,110249.0,55.046631173111585,414.41420207507895,2,0.0,98.91490285023924
2025-11-01 20:00:00,110249.0,110487.0,110248.9,110358.4,56.81526899768608,401.820330498288,2,0.0,98.91490285023924
2025-11-01 21:00:00,110358.4,110389.9,109803.5,109815.2,46.94003872488252,415.0045926055527,1,0.0,98.91490285023924
2025-11-01 22:00:00,109815.2,110060.2,109815.1,110044.0,50.81771714341557,402.8685502765841,0,-0.0014261710842052113,98.30849473979934
2025-11-01 23:00:00,110044.0,110100.0,109922.4,110047.2,50.87179436930538,386.7779395425428,1,0.0,98.52431575527761
2025-11-02 00:00:00,110047.3,110088.0,109846.7,109932.3,48.79709844365353,376.3866581466471,1,-0.0014175447742349606,98.77924743770086
2025-11-02 01:00:00,109932.2,110058.0,109872.1,109930.0,48.754235475768006,362.78046827902904,1,-0.0014175447742349606,98.76940226320852
2025-11-02 02:00:00,109930.0,110234.4,109836.7,109976.4,49.71388174702847,365.2747205448125,0,-0.0014175447742349606,98.6536398867654
2025-11-02 03:00:00,109975.9,110048.4,109911.7,110008.5,50.40580163456422,348.94795479161144,1,0.0,98.54600704525859
2025-11-02 04:00:00,110008.4,110799.7,109974.1,110624.8,61.39021569347905,382.99452944935285,0,-0.0014183556527146484,96.97529769605478
2025-11-02 05:00:00,110624.8,110667.0,110230.0,110452.7,57.55655064540274,386.8520630601134,2,0.0,97.60758066991397
2025-11-02 06:00:00,110453.1,110675.4,110244.8,110610.0,60.01437813034258,389.9769156986761,2,0.0,97.60758066991397
2025-11-02 07:00:00,110609.9,110988.0,110375.0,110844.1,63.41029469266429,405.90713600591357,2,0.0,97.60758066991397
2025-11-02 08:00:00,110844.0,110966.2,110650.4,110805.7,62.47303433031982,399.47091200549136,2,0.0,97.60758066991397
2025-11-02 09:00:00,110805.7,110999.9,110464.0,110657.1,58.84806029563486,409.21584686224156,1,0.0,97.60758066991397
2025-11-02 10:00:00,110657.2,110814.0,110302.1,110450.0,54.13366790560224,416.5504292292239,1,0.0,97.60758066991397
2025-11-02 11:00:00,110449.9,111193.5,110434.3,111145.4,64.43614534205776,441.0253985699934,0,0.0,97.60758066991397
2025-11-02 12:00:00,111145.4,111216.0,110614.8,110690.8,55.63786937809108,452.4664415292794,1,0.0013904789227507134,96.41281331438181
2025-11-02 13:00:00,110690.8,110726.3,110109.2,110513.0,52.61206805008669,464.22598142004557,1,0.0,96.91223494674887
2025-11-02 14:00:00,110513.0,110625.0,110138.5,110370.7,50.25637394090159,465.8169827471852,1,0.0,96.91223494674887
2025-11-02 15:00:00,110370.7,110510.0,110030.0,110066.1,45.55446557457943,466.8300554081005,1,-0.0013902636478614256,97.62609363105297
2025-11-02 16:00:00,110066.2,110097.3,109661.2,110068.1,45.590460629438816,464.6350514503795,1,-0.0013902636478614256,97.6211999030125
2025-11-02 17:00:00,110068.2,110222.0,109970.1,110142.2,46.988826728641854,449.43969063249483,1,-0.0013902636478614256,97.42458491129109
2025-11-02 18:00:00,110142.1,110286.2,110121.0,110283.2,49.64103845862668,429.1368555873164,1,-0.0013902636478614256,97.0795770844378
2025-11-02 19:00:00,110283.2,110283.2,109900.4,110125.2,46.81456798654047,425.82708018822257,1,-0.0013902636478614256,97.4661815996351
2025-11-02 20:00:00,110125.3,110172.5,109834.8,110045.6,45.41171499566718,419.53228874620646,1,-0.0013902636478614256,97.66095197564589
2025-11-02 21:00:00,110045.6,110091.2,109922.6,109947.6,43.67641018889048,401.6085538357625,1,-0.0013902636478614256,97.90074464962902
2025-11-02 22:00:00,109947.5,109982.4,109368.9,109860.9,42.14213894263668,416.74365713320805,1,-0.0013902636478614256,98.11288776018353
2025-11-02 23:00:00,109860.9,110700.0,109860.9,110494.9,54.67946864207177,446.9119673379793,0,-0.0013902636478614256,96.56157597135383
2025-11-03 00:00:00,110494.9,110711.0,109700.0,109700.1,42.303653077635396,487.2039696709808,1,0.0,96.66131424384024
2025-11-03 01:00:00,109700.0,109846.2,109310.0,109614.2,41.21784074858345,490.70368612305344,1,-0.0013951407600000397,96.84061703674506
2025-11-03 02:00:00,109614.2,109713.2,108600.0,108991.7,34.33926179288882,535.1677085428352,1,-0.0013951407600000397,98.3691332534011
2025-11-03 03:00:00,108991.7,109116.4,107850.0,107886.0,26.02988610772222,587.3985865040609,1,-0.0013951407600000397,101.08412181686549
2025-11-03 04:00:00,107886.0,107952.1,107435.0,107843.8,25.77354899428994,582.3772588966283,1,-0.0013951407600000397,101.18774171139222
2025-11-03 05:00:00,107843.8,108088.8,107333.0,107556.9,24.040222091276064,594.7645975468694,1,-0.0013951407600000397,101.89220966730969
2025-11-03 06:00:00,107556.8,107666.0,106946.7,107452.8,23.42464267074527,603.6599834363789,1,-0.0013951407600000397,102.14782177679385
2025-11-03 07:00:00,107452.8,107801.5,107222.0,107420.5,23.22591655020912,601.9342703337803,1,-0.0013951407600000397,102.22713273871834
2025-11-03 08:00:00,107420.6,107677.5,106925.7,107548.6,25.910458398069593,612.6389653099391,0,-0.0013951407600000397,101.91258988353175
2025-11-03 09:00:00,107548.5,107881.4,107029.0,107173.1,23.334709987204235,629.7647535020859,1,0.0,99.58582113675946
2025-11-03 10:00:00,107173.1,107577.5,106618.7,106925.9,21.798408868248927,653.26727110908,1,0.0,99.58582113675946
2025-11-03 11:00:00,106926.0,107873.9,106918.8,107737.4,36.56354859412011,674.8267517441451,0,0.0,99.58582113675946
2025-11-03 12:00:00,107737.4,108216.9,107650.5,107717.2,36.37941829836258,667.0819837624201,1,0.0,99.58582113675946
2025-11-03 13:00:00,107717.1,108013.6,107512.0,107855.0,38.64917774042493,655.2618420651048,0,-0.0014638103305062004,99.19822464653511
2025-11-03 14:00:00,107855.0,108280.0,107317.6,108016.5,41.29269606115586,677.2002819175968,0,0.0,99.31927257545814
2025-11-03 15:00:00,108016.5,108117.0,105500.0,105718.8,24.872305989333185,815.7574046377686,1,0.0,99.31927257545814
2025-11-03 16:00:00,105718.8,106758.0,105300.0,106644.0,35.92191124119731,861.6318757350708,0,0.0,99.31927257545814
2025-11-03 17:00:00,106644.1,107797.2,106489.5,107433.2,43.54893315404939,893.493884611137,0,0.0,99.31927257545814
2025-11-03 18:00:00,107433.3,107550.1,106747.5,106905.9,40.11342803256368,887.0014642817705,2,0.0,99.31927257545814
2025-11-03 19:00:00,106905.9,107350.0,106400.0,107034.7,41.33091733195095,891.5013596902155,2,0.0,99.31927257545814
2025-11-03 20:00:00,107034.7,107120.0,106259.9,106615.9,38.58416029686421,889.2584054266291,2,0.0,99.31927257545814
2025-11-03 21:00:00,106615.8,107061.3,106038.0,106849.3,40.93985273924659,898.832805039013,2,0.0,99.31927257545814
2025-11-03 22:00:00,106849.3,106849.3,105750.1,106441.6,38.18466189152775,913.1447475362262,2,0.0,99.31927257545814
2025-11-03 23:00:00,106441.6,106716.6,105984.3,106544.0,39.2897861250235,900.2272655693531,2,0.0,99.31927257545814
2025-11-04 00:00:00,106544.0,106777.0,105820.0,106428.8,38.45682358803415,904.282460885828,2,0.0,99.31927257545814
2025-11-04 01:00:00,106428.8,107271.9,106224.0,106991.0,44.626607858293745,914.5408565368399,2,0.0,99.31927257545814
2025-11-04 02:00:00,106990.9,107192.2,106404.8,106438.0,40.34239783808919,905.459366784208,2,0.0,99.31927257545814
2025-11-04 03:00:00,106438.0,107192.2,106150.0,107097.2,46.88795540861434,915.2265548710501,2,0.0,99.31927257545814
2025-11-04 04:00:00,107097.1,107247.8,106659.2,106702.8,43.79209768802953,891.8960866659755,2,0.0,99.31927257545814
2025-11-04 05:00:00,106702.7,106702.8,104131.8,104164.3,30.04270152036132,1011.8320804755487,1,0.0,99.31927257545814
2025-11-04 06:00:00,104164.3,105190.0,104125.3,104702.4,34.7214418028089,1015.6083604415808,0,0.0,99.31927257545814
2025-11-04 07:00:00,104702.4,104900.0,104274.2,104442.9,33.55591037814506,987.7649061243252,1,0.0,99.31927257545814
2025-11-04 08:00:00,104442.9,104591.7,103700.2,104018.4,31.68234614614724,980.8888414011592,1,0.0,99.31927257545814
2025-11-04 09:00:00,104018.5,104125.5,103600.0,103822.3,30.826092141619952,948.3610670153622,1,0.0,99.31927257545814
2025-11-04 10:00:00,103822.4,104096.1,103550.0,103787.0,30.665429049340986,919.6281336571226,1,0.0,99.31927257545814
2025-11-04 11:00:00,103787.0,104656.0,103731.2,104530.7,37.99731809309902,919.997552681614,0,0.0,99.31927257545814
2025-11-04 12:00:00,104530.7,104596.4,103777.0,103907.3,34.686187438514324,912.8120132043555,1,0.0,99.31927257545814
2025-11-04 13:00:00,103907.3,104191.0,103513.2,103870.0,34.49251183734016,896.025440832616,1,0.0,99.31927257545814
2025-11-04 14:00:00,103870.1,104651.2,102870.0,104458.4,40.167966098164115,959.2521950588575,0,0.0,99.31927257545814
2025-11-04 15:00:00,104458.4,104800.0,103136.3,103157.7,33.29980424597203,1009.5698954117961,1,0.0,99.31927257545814
2025-11-04 16:00:00,103157.7,103474.1,102110.0,102227.4,29.424543122646313,1034.893474310954,1,0.0,99.31927257545814
2025-11-04 17:00:00,102227.4,102227.4,100725.0,101074.8,25.46974621205058,1068.2867975744568,1,0.0,99.31927257545814
2025-11-04 18:00:00,101074.8,101469.5,99980.0,101317.3,27.672351190710714,1098.373454890567,0,0.0,99.31927257545814
2025-11-04 19:00:00,101317.3,101674.6,100367.9,100507.0,25.012375123142917,1113.2539223983845,1,0.0,99.31927257545814
2025-11-04 20:00:00,100507.0,101077.2,99482.6,100710.1,26.908842072799573,1147.6357850842137,0,0.0,99.31927257545814
2025-11-04 21:00:00,100710.0,100793.8,98888.8,100274.1,25.422446925140363,1201.7332290067698,1,0.0,99.31927257545814
2025-11-04 22:00:00,100274.2,101859.5,100043.0,101260.2,34.26638941193197,1245.645141220572,0,0.0,99.31927257545814
2025-11-04 23:00:00,101260.3,101697.0,100850.3,101450.3,35.84584851969191,1217.1490597048166,0,0.0,99.31927257545814
2025-11-05 00:00:00,101450.2,101700.0,100308.0,100522.9,31.827947860400158,1229.6384125830439,1,0.0,99.31927257545814
2025-11-05 01:00:00,100523.0,100988.1,98909.7,100722.1,33.55083482313513,1290.2642402556842,0,0.0,99.31927257545814
2025-11-05 02:00:00,100722.1,101918.1,100713.5,101633.7,40.910535280942405,1284.1453659517074,2,0.0,99.31927257545814
2025-11-05 03:00:00,101633.8,102222.0,101405.1,102094.8,44.272664327123294,1250.7706969551566,2,0.0,99.31927257545814
2025-11-05 04:00:00,102094.8,102212.3,101481.1,101952.1,43.44872563073317,1213.6585043155026,2,0.0,99.31927257545814
2025-11-05 05:00:00,101952.1,102326.4,101536.8,101768.2,42.35475943963695,1183.368611150109,2,0.0,99.31927257545814
2025-11-05 06:00:00,101768.1,102094.7,101433.3,102068.8,44.801274200993674,1146.0851389251009,2,0.0,99.31927257545814
2025-11-05 07:00:00,102068.8,102100.0,101552.0,101946.1,43.98075762174659,1103.3647718590223,2,0.0,99.31927257545814
2025-11-05 08:00:00,101946.2,101946.3,101131.0,101650.8,41.98768776312192,1082.7887167262352,2,0.0,99.31927257545814
2025-11-05 09:00:00,101650.7,102174.9,101553.6,101949.5,44.71672844533343,1049.8252369600748,2,0.0,99.31927257545814
2025-11-05 10:00:00,101949.6,101949.6,101250.0,101352.5,40.60526893954731,1024.8091486057842,2,0.0,99.31927257545814
2025-11-05 11:00:00,101352.6,102060.4,101338.0,102019.4,46.520655619211496,1003.208495133942,2,0.0,99.31927257545814
2025-11-05 12:00:00,102019.3,102853.2,101867.8,102622.7,51.25065709587625,1001.9364597672316,2,0.0,99.31927257545814
2025-11-05 13:00:00,102622.6,103207.0,102240.7,102926.1,53.47904483084464,999.3909983552867,2,0.0,99.31927257545814
2025-11-05 14:00:00,102926.2,103440.0,102120.0,103162.6,55.19821002921766,1022.291641329909,2,0.0,99.31927257545814
2025-11-05 15:00:00,103162.6,103750.0,102777.0,103668.3,58.71172805804512,1018.7708098063441,2,0.0,99.31927257545814
2025-11-05 16:00:00,103668.2,103990.3,102972.8,103865.0,60.02493183524866,1018.6800376773195,2,0.0,99.31927257545814
2025-11-05 17:00:00,103865.1,103953.9,103326.7,103850.6,59.87479327074399,990.7171778432252,2,0.0,99.31927257545814
2025-11-05 18:00:00,103850.6,104383.6,103700.0,104292.8,62.9403074237903,968.7802365687096,2,0.0,99.31927257545814
2025-11-05 19:00:00,104292.9,104496.6,103926.1,103950.0,59.16659029527462,940.3316482423733,2,0.0,99.31927257545814
2025-11-05 20:00:00,103950.0,104497.6,103566.3,103788.0,57.41463908651985,939.6865305107754,2,0.0,99.31927257545814
2025-11-05 21:00:00,103788.0,103788.1,103450.7,103626.0,55.64036734006106,896.6660640457206,2,0.0,99.31927257545814
2025-11-05 22:00:00,103625.9,103750.0,103240.5,103671.9,56.0547407535305,869.011345185312,2,0.0,99.31927257545814
2025-11-05 23:00:00,103671.8,104062.9,103620.0,103837.0,57.589350446587964,838.574820529218,2,0.0,99.31927257545814
2025-11-06 00:00:00,103837.0,103840.7,103264.6,103631.5,55.01415730298731,819.8266190628447,2,0.0,99.31927257545814
2025-11-06 01:00:00,103631.5,103631.5,102684.7,103315.4,51.22008766629228,828.8961462726417,2,0.0,99.31927257545814
2025-11-06 02:00:00,103315.4,103537.9,102800.3,103278.2,50.776279958996895,822.3749929674524,2,0.0,99.31927257545814
2025-11-06 03:00:00,103278.1,103919.7,103278.1,103598.3,54.43487628564064,809.4624934697766,2,0.0,99.31927257545814
2025-11-06 04:00:00,103598.3,104210.2,103534.0,103987.5,58.47607580198156,799.943743936221,2,0.0,99.31927257545814
2025-11-06 05:00:00,103987.5,103987.5,103029.4,103103.5,48.0516890943272,811.2406193693485,1,0.0,99.31927257545814
2025-11-06 06:00:00,103103.5,103560.6,102938.0,103268.7,49.85088329574664,797.7662894143955,1,-0.0015252199480244807,98.84357444457336
2025-11-06 07:00:00,103268.8,103542.3,102850.1,103138.6,48.42836342548012,790.22584017051,1,-0.0015252199480244807,99.19281320739219
2025-11-06 08:00:00,103138.6,103406.0,102929.2,103161.2,48.702205391382144,767.8382801583309,1,-0.0015252199480244807,99.13214605873958
2025-11-06 09:00:00,103161.3,103226.2,102766.3,102766.3,44.277951990515426,745.8426887184497,1,-0.0015252199480244807,100.17647617588513
2025-11-06 10:00:00,102766.4,103250.0,102611.5,103090.0,48.414686847928934,738.1753538099891,0,-0.0015252199480244807,99.30754006885621
2025-11-06 11:00:00,103089.9,103270.0,102689.9,103182.6,49.56811043113194,726.8842571092761,1,0.0,99.25981070594071
2025-11-06 12:00:00,103182.6,103287.7,102329.0,102507.1,42.16210405865382,743.4425244586132,1,-0.0015231382709010315,101.03842125322456
2025-11-06 13:00:00,102507.1,103585.0,102507.1,103270.0,51.056278640226886,767.3323441401404,0,-0.0015231382709010315,98.99329740433268
2025-11-06 14:00:00,103269.9,103550.0,102001.0,102083.1,40.59668266078438,823.1657481301304,1,0.0,99.06237731559708
2025-11-06 15:00:00,102083.0,102907.4,101570.5,101981.6,39.84492924828468,859.8610518351206,1,-0.0015364812009336383,99.30442993150132
2025-11-06 16:00:00,101981.6,102367.9,100238.4,100830.6,32.49621161632518,950.5495481326121,1,-0.0015364812009336383,102.41697208910465
2025-11-06 17:00:00,100830.5,101958.9,100724.6,101762.2,41.84516821771677,970.8174375517104,0,-0.0015364812009336383,99.88224049621677
2025-11-06 18:00:00,101762.2,102298.0,100870.8,101670.0,41.236469209214164,1003.4161920123024,1,0.0,99.47558116759008
2025-11-06 19:00:00,101670.0,101949.0,101140.9,101335.9,39.021385226793555,989.4650354399955,1,-0.0015491590785418603,100.35422337659732
2025-11-06 20:00:00,101335.9,101599.6,100590.0,100873.8,36.130524516292446,990.903247194282,1,-0.0015491590785418603,101.61414825853907
2025-11-06 21:00:00,100873.7,101175.7,100500.0,101071.8,38.241744129709986,968.3887295375474,0,-0.0015491590785418603,101.0742973028488
2025-11-06 22:00:00,101071.8,101447.5,100950.7,101364.2,41.326217399709606,934.7038202848657,1,0.0,100.33790187185947
2025-11-06 23:00:00,101364.1,101507.3,101076.3,101305.6,40.88549996398518,898.724975978804,1,-0.0015673023082157624,100.46670333899382
2025-11-07 00:00:00,101305.6,101596.3,100700.1,101434.5,42.34207731499736,898.5446205517463,0,-0.0015673023082157624,100.11113886814277
2025-11-07 01:00:00,101434.6,101846.5,100835.4,101501.3,43.12420070367722,906.5842905123363,0,0.0,100.1463505980563
2025-11-07 02:00:00,101501.3,101890.0,101200.0,101863.8,47.30181349077736,891.1139840471695,0,0.0,100.1463505980563
2025-11-07 03:00:00,101863.8,102311.0,101810.0,101863.5,47.29871715564949,863.2486994723718,2,0.0,100.1463505980563
2025-11-07 04:00:00,101863.4,102027.7,101530.0,101974.1,48.63367400456986,837.138078081488,2,0.0,100.1463505980563
2025-11-07 05:00:00,101974.0,102480.4,101965.7,102400.0,53.51660999066875,814.1067867899529,2,0.0,100.1463505980563
2025-11-07 06:00:00,102400.0,102450.0,101763.6,101778.7,46.56283910956712,804.984873447813,2,0.0,100.1463505980563
2025-11-07 07:00:00,101778.6,101981.9,101586.6,101978.8,48.8672572687377,775.7216682015398,2,0.0,100.1463505980563
2025-11-07 08:00:00,101978.2,102024.7,101388.0,101461.8,43.63185854009764,765.7915490442867,2,0.0,100.1463505980563
2025-11-07 09:00:00,101461.8,101480.0,100700.8,100968.1,39.30173049022704,766.7492955411232,1,0.0,100.1463505980563
2025-11-07 10:00:00,100968.1,101213.3,100516.2,100725.3,37.3391319014343,761.7743458596148,1,-0.0015704470532137294,100.78494076011374
2025-11-07 11:00:00,100725.4,100751.0,99750.0,100369.1,34.60867866039682,778.861892583928,1,-0.0015704470532137294,101.76947286313806
2025-11-07 12:00:00,100369.2,100593.2,99200.0,99608.9,29.62895253027608,822.7431859707901,1,-0.0015704470532137294,103.87065563887951
2025-11-07 13:00:00,99608.9,100537.5,99425.4,100295.1,38.26403017204271,843.4115298300198,0,-0.0015704470532137294,101.97400788734862
2025-11-07 14:00:00,100295.0,100924.4,99451.1,100753.6,43.27286161428145,888.403563413589,0,0.0,101.13862353589977
2025-11-07 15:00:00,100753.7,101230.0,100319.4,100758.0,43.32038671438922,889.9890231697617,1,0.0,101.13862353589977
2025-11-07 16:00:00,100758.0,101620.1,100468.9,101128.4,47.32139469350498,908.6469500862081,0,-0.0015893145351420362,100.06971512162654
2025-11-07 17:00:00,101128.3,102688.0,100888.3,102354.6,57.913072825375615,972.2935965086217,0,0.0,100.46825140957071
2025-11-07 18:00:00,102354.7,102818.0,102235.9,102551.3,59.325859601623996,944.4226253294349,2,0.0015541532222146045,100.99784666099069
2025-11-07 19:00:00,102551.3,103350.7,102429.4,103350.0,64.53214879849793,942.7710092344755,2,0.0015541532222146045,103.28184266958304
2025-11-07 20:00:00,103350.0,103849.9,102889.6,103718.4,66.65243576308933,944.0230800034408,2,0.0015541532222146045,104.33533475618053
2025-11-07 21:00:00,103718.4,103844.9,103295.6,103844.9,67.37368176842241,915.8285742889085,2,0.0015541532222146045,104.69707946018319
2025-11-07 22:00:00,103844.8,104070.7,103553.1,103586.6,64.31489345956132,887.3836761254145,2,0.0015541532222146045,103.95843394995485
2025-11-07 23:00:00,103586.6,103733.2,103285.7,103305.2,61.06239325281243,855.9634135450277,2,0.0015541532222146045,103.15373071116943
2025-11-08 00:00:00,103305.3,103373.8,102488.0,102674.6,54.42062306180702,858.0945982918117,2,0.0015541532222146045,101.35044051082096
2025-11-08 01:00:00,102674.5,103212.2,102620.0,102955.8,56.683244887150636,839.1021269852537,2,0.0015541532222146045,102.1386146151776
2025-11-08 02:00:00,102955.8,103294.1,102706.5,102804.9,55.10245855850569,821.1376893434502,2,0.0015541532222146045,101.70709464811036
2025-11-08 03:00:00,102804.9,103264.0,102544.3,102545.8,52.40027474565162,813.8921401046322,2,0.0015541532222146045,100.9661614243389
2025-11-08 04:00:00,102545.8,102794.0,102341.9,102504.9,51.9670506940213,788.0498443828732,2,0.0015541532222146045,100.8492020694479
2025-11-08 05:00:00,102505.0,102685.8,102234.0,102257.4,49.31028597431072,764.0319983555254,2,0.0015541532222146045,100.14144069205136
2025-11-08 06:00:00,102257.4,102485.0,102036.3,102171.8,48.38887413576838,741.5082841872735,2,0.0015541532222146045,99.89665534293968
2025-11-08 07:00:00,102171.8,102368.4,101853.8,102302.9,49.931961291657345,725.3005496024676,2,0.0015541532222146045,100.27155439981516
2025-11-08 08:00:00,102302.8,102654.1,102111.8,102392.1,51.0053151889446,712.2290817737202,2,0.0015541532222146045,100.52663445987083
2025-11-08 09:00:00,102392.0,102564.0,102182.1,102354.7,50.51631898654723,688.6341473613112,2,0.0015541532222146045,100.40377055051647
2025-11-08 10:00:00,102354.6,102535.6,102261.3,102430.8,51.53448964858727,659.0388511212178,2,0.0015541532222146045,100.62138930130386
2025-11-08 11:00:00,102430.8,102594.0,101647.7,101805.6,43.59775744077957,679.5575046125597,1,0.0015541532222146045,98.83354116737131
2025-11-08 12:00:00,101805.6,102063.0,101672.8,102011.7,46.5216758054725,658.8891114259482,1,0.0,99.51794960843615
2025-11-08 13:00:00,102011.6,102142.9,101651.0,101758.9,43.54012442341989,646.9613177526658,1,-0.0015446275954623234,100.1726239846277
2025-11-08 14:00:00,101758.9,102052.4,101400.1,101786.2,43.95783179310718,647.3426521989031,1,-0.0015446275954623234,100.09840771792092
2025-11-08 15:00:00,101786.3,101917.7,101435.4,101678.0,42.61223233277554,635.5538913275531,1,-0.0015446275954623234,100.39255424017999
2025-11-08 16:00:00,101678.1,101921.5,101476.9,101808.9,44.81319103351911,621.9143276612998,1,-0.0015446275954623234,100.03669675622702
2025-11-08 17:00:00,101808.8,101971.1,101485.5,101945.1,47.08711604853361,612.1775899712073,1,-0.0015446275954623234,99.65070530242315
2025-11-08 18:00:00,101945.1,102182.7,101780.3,102084.4,49.38424445638221,597.1934764018349,1,-0.0015446275954623234,99.27201204409887
2025-11-08 19:00:00,102084.3,102137.1,101471.1,101934.3,47.015702778472836,602.1082280874182,1,-0.0015446275954623234,99.68006558375771
2025-11-08 20:00:00,101934.4,102125.0,101906.6,102024.4,48.60904152425335,574.700497509745,1,-0.0015446275954623234,99.4351247181797
2025-11-08 21:00:00,102024.3,102328.9,101974.3,102224.1,52.050799047765835,558.9790334019056,1,-0.0015446275954623234,98.89223136794732
2025-11-08 22:00:00,102224.0,102382.6,102117.3,102325.4,53.74313211130948,538.001959587484,1,-0.0015446275954623234,98.61684280320756
2025-11-08 23:00:00,102325.3,102443.9,102233.8,102269.3,52.63518577795518,514.5803910455202,1,-0.0015446275954623234,98.7693531534731
2025-11-09 00:00:00,102269.3,102294.9,101571.0,101749.9,43.6606890389091,529.5317916851254,1,-0.0015446275954623234,100.18136520209944
2025-11-09 01:00:00,101749.9,102069.8,101637.2,101995.4,48.159877618473516,522.6080922790454,0,-0.0015446275954623234,99.49824594031452
2025-11-09 02:00:00,101995.4,101995.5,101523.9,101589.7,42.16702229128832,518.9646571162568,1,0.0,99.44693177892188
2025-11-09 03:00:00,101589.7,101771.9,101300.0,101622.9,42.794365191883266,515.6028958936666,0,-0.0015499370702275225,99.32408703942778
2025-11-09 04:00:00,101623.0,102097.0,101602.1,101673.8,43.80088719973323,514.1241176155472,0,0.0,99.33075066062474
2025-11-09 05:00:00,101673.8,101988.2,101627.5,101879.9,47.80544492749988,503.16525207157935,0,0.0,99.33075066062474
2025-11-09 06:00:00,101880.0,101923.0,101650.0,101698.9,44.787136203082845,486.72487692360943,1,0.0,99.33075066062474
2025-11-09 07:00:00,101698.8,101930.0,101618.3,101898.2,48.63291765209819,474.2231000004943,1,-0.0015464640084208304,98.75578732120411
2025-11-09 08:00:00,101898.3,102009.2,101759.9,101938.3,49.39665721844485,458.1571642861735,1,-0.0015464640084208304,98.64664407734578
2025-11-09 09:00:00,101938.4,102087.1,101566.7,101602.2,43.55178317743265,462.60308112287606,1,-0.0015464640084208304,99.54566881982805
2025-11-09 10:00:00,101602.3,101884.3,101457.0,101829.4,48.02857328649603,460.0814324712423,0,-0.0015464640084208304,98.92728116385281
2025-11-09 11:00:00,101829.3,102274.9,101829.3,102198.2,54.35651629277935,459.0470444375815,2,0.0,99.04864919564565
2025-11-09 12:00:00,102198.2,102390.0,102001.0,102038.3,51.43251273445078,454.04368412061143,2,0.0,99.04864919564565
2025-11-09 13:00:00,102038.3,102967.0,102025.6,102877.9,62.76022041285531,488.8548495405674,0,0.0,99.04864919564565
2025-11-09 14:00:00,102877.9,104031.4,102718.7,102994.4,64.01441003844045,547.700931716241,0,0.0015243995833226145,99.3432699496086
2025-11-09 15:00:00,102994.3,104180.0,102922.0,103715.8,70.61418017378406,598.4365794507953,0,0.0015243995833226145,101.36672137092107
2025-11-09 16:00:00,103715.8,103881.0,103290.8,103814.8,71.38965380614098,597.8482523471669,2,0.0015243995833226145,101.64440599901911
2025-11-09 17:00:00,103814.8,103938.6,103300.0,103607.6,67.38180696175294,600.7590914652268,2,0.0015243995833226145,101.04740618289027
2025-11-09 18:00:00,103607.7,104573.7,103473.0,104479.8,73.99903768687716,636.4691563605676,0,0.0015243995833226145,103.4938358053864
2025-11-09 19:00:00,104479.8,104780.0,104100.0,104764.1,75.72756106187484,639.5785023348128,2,0.0015243995833226145,104.29126752021745
2025-11-09 20:00:00,104764.1,105036.5,104357.5,104585.5,72.46827099504407,642.3943235966119,2,0.0015243995833226145,103.79031323154763
2025-11-09 21:00:00,104585.4,104807.2,104249.4,104483.6,70.60120960556742,636.3518719111399,2,0.0015243995833226145,103.50449440727299
2025-11-09 22:00:00,104483.6,104774.4,103999.5,104676.8,72.07044806514693,646.2481667746296,2,0.0015243995833226145,104.04640016634917
2025-11-09 23:00:00,104676.9,105440.0,104482.6,104670.6,71.94618563261497,668.4732977192986,2,0.0015243995833226145,104.02900981590263
2025-11-10 00:00:00,104670.7,106484.8,104205.9,106268.0,81.02417923695258,783.503776453635,0,0.0015243995833226145,108.50954946159777
2025-11-10 01:00:00,106267.9,106666.0,105681.6,105683.0,71.85403842077085,797.8535067069465,2,0.0015243995833226145,106.85248626061727
2025-11-10 02:00:00,105683.0,106025.6,105558.4,105965.9,73.4206709598848,774.2353990850227,2,0.0015243995833226145,107.64599112212167
2025-11-10 03:00:00,105966.0,106257.5,105797.7,105990.6,73.55905205477552,751.775727721807,2,0.0015243995833226145,107.71527203438454
2025-11-10 04:00:00,105990.6,106270.6,105800.0,106115.9,74.29030638555358,731.6917471702498,2,0.0015243995833226145,108.06672540711871
2025-11-10 05:00:00,106115.9,106438.1,105947.8,106050.0,73.1445496285129,714.4494795152322,2,0.0015243995833226145,107.88188281124336
2025-11-10 06:00:00,106049.9,106263.1,105903.0,106166.6,73.9112254662156,689.1388024070018,2,0.0015243995833226145,108.20893359544775
2025-11-10 07:00:00,106166.7,106499.0,106096.6,106417.7,75.53125830651375,668.6574593779297,2,0.0015243995833226145,108.91324278853276
2025-11-10 08:00:00,106417.6,106525.0,105821.4,105931.2,66.86750508135293,671.1533551366496,2,0.0015243995833226145,107.54866125752568
2025-11-10 09:00:00,105931.2,106570.0,105780.1,106402.0,70.40529224863823,679.6352583411742,2,0.0015243995833226145,108.85305778565565
2025-11-10 10:00:00,106402.0,106416.4,105916.0,105946.1,63.351067079355346,666.8327398882327,2,0.0015243995833226145,107.57430604878799
2025-11-10 11:00:00,105946.1,106287.7,105900.8,106136.6,64.93217987725674,646.83754418193,2,0.0015243995833226145,108.10863859073423
2025-11-10 12:00:00,106136.5,106176.6,105804.3,105900.1,61.39116120897786,627.2277195975066,1,0.0015243995833226145,107.44528086805556
2025-11-10 13:00:00,105900.1,106566.7,105869.0,106509.4,66.46514811581375,632.2614539119702,0,0.0,103.54227293064842
2025-11-10 14:00:00,106509.4,106509.4,104615.7,104846.5,47.94558113681563,722.3642072039721,1,0.0,103.54227293064842
2025-11-10 15:00:00,104846.6,105584.7,104617.0,105028.9,49.604303451530676,739.8881924036882,0,-0.001563637623956864,103.00697479813383
2025-11-10 16:00:00,105028.9,105320.6,104735.6,105189.2,51.07966638002178,728.8247500891391,1,0.0,103.189947100031
2025-11-10 17:00:00,105189.2,105962.6,105132.3,105906.6,57.12868294238009,736.0729822256294,0,-0.0015532400941197617,101.19529514243689
2025-11-10 18:00:00,105906.6,106081.1,105420.0,105435.8,52.537500646394534,730.7177692095134,1,0.0,102.00843675215611
2025-11-10 19:00:00,105435.9,106000.0,105354.0,105767.2,55.26295168819169,724.6664999802625,0,0.0,102.00843675215611
2025-11-10 20:00:00,105767.1,106249.6,105750.3,105956.7,56.79088549698124,708.5688928388155,1,0.001527064706174635,102.50806444668669
2025-11-10 21:00:00,105956.7,105973.9,105202.7,105583.5,52.955035777684984,713.0425433503285,1,0.0,102.2316884522472
2025-11-10 22:00:00,105583.5,106089.0,105300.0,106003.8,56.51711620369562,718.4680759681622,0,0.0,102.2316884522472
2025-11-10 23:00:00,106003.9,106242.3,105831.8,105966.3,56.10891058715907,696.4703562561507,1,0.0015269909196594027,102.09286237894807
2025-11-11 00:00:00,105966.3,106111.9,105399.6,106100.0,57.293261000295836,697.6010450949963,0,0.0,102.10791989668715
2025-11-11 01:00:00,106100.0,107473.7,105957.5,106047.4,56.64565704252972,756.0723990167821,1,0.0015237594078204963,101.92730183716083
2025-11-11 02:00:00,106047.5,107099.9,105533.5,106595.8,61.5281877385281,813.9529419441544,0,0.0,101.9616538692376
2025-11-11 03:00:00,106595.8,107041.5,106302.5,106407.3,59.065851076505076,808.5991603767148,1,0.0015144994952236345,101.40326981082917
2025-11-11 04:00:00,106407.4,106496.6,105650.2,105709.0,50.93388622839873,811.2992203498073,1,0.0,101.61019055036684
2025-11-11 05:00:00,105709.0,105709.1,105072.0,105203.4,45.99612609360589,798.8564188962501,1,-0.0015219404374721877,102.93151740594463
2025-11-11 06:00:00,105203.4,105300.0,104830.5,105202.0,45.982833046185505,775.3309604036609,1,-0.0015219404374721877,102.93526746718254
2025-11-11 07:00:00,105202.0,105278.0,104685.3,104737.0,41.674733498683786,762.2858918033992,1,-0.0015219404374721877,104.18082352120979
2025-11-11 08:00:00,104737.1,105226.8,104718.2,105110.5,46.04719850012966,744.1654709602997,0,-0.0015219404374721877,103.18036075523307
2025-11-11 09:00:00,105110.6,105454.7,104856.9,104920.6,44.23159403170457,733.7107944631356,1,0.0,102.4391472668933
2025-11-11 10:00:00,104920.6,105193.0,104869.6,105120.5,46.617689993502054,704.4028805729112,1,-0.0015458862845419714,101.8620173308369
2025-11-11 11:00:00,105120.5,105464.2,105090.6,105256.2,48.23678615861654,680.7741033891311,1,-0.0015458862845419714,101.49281021772718
2025-11-11 12:00:00,105256.2,105459.8,104342.6,104500.0,40.80880682397251,711.9473817184787,1,-0.0015458862845419714,103.5502488244595
2025-11-11 13:00:00,104499.9,104670.0,104160.0,104350.1,39.509987163615406,697.5225687385874,1,-0.0015458862845419714,103.95809072759249
2025-11-11 14:00:00,104350.1,104641.9,103800.0,104517.8,41.743831903651625,707.8352424001165,0,-0.0015458862845419714,103.50181929893736
2025-11-11 15:00:00,104517.8,104517.8,103135.2,103417.2,33.103595835044786,756.0327250858229,1,0.0,102.99545783255344
2025-11-11 16:00:00,103417.2,103694.8,103168.0,103366.6,32.76779160677543,739.6589590082643,1,0.0,102.99545783255344
2025-11-11 17:00:00,103366.5,103599.9,102777.0,103294.0,32.26211299576032,745.6047476505307,1,0.0,102.99545783255344
2025-11-11 18:00:00,103294.0,103525.1,103009.0,103344.6,33.0377456013949,729.211551389779,1,0.0,102.99545783255344
2025-11-11 19:00:00,103344.5,103411.0,102797.5,103073.6,30.991001795414547,720.9464405762233,1,0.0,102.99545783255344
2025-11-11 20:00:00,103073.6,103183.8,102602.0,102774.8,28.86747445956037,711.0074091064932,1,0.0,102.99545783255344
2025-11-11 21:00:00,102774.8,103066.2,102400.0,102598.4,27.662397642356822,707.8068798846007,1,0.0,102.99545783255344
2025-11-11 22:00:00,102598.3,103120.0,102459.3,102940.1,33.4571934452388,704.4421027499861,0,0.0,102.99545783255344
2025-11-11 23:00:00,102940.1,103170.7,102751.6,103005.8,34.54295754988769,684.0605239821293,1,0.0,102.99545783255344
2025-11-12 00:00:00,103005.8,103321.4,102761.8,102838.4,33.062666838127356,675.1704865548338,1,0.0,102.99545783255344
2025-11-12 01:00:00,102838.4,103325.0,102629.5,103200.1,39.13216886511934,676.62259465806,0,0.0,102.99545783255344
2025-11-12 02:00:00,103200.1,103360.2,102885.0,103099.3,38.09546517869647,662.2352664681985,1,0.0,102.99545783255344
2025-11-12 03:00:00,103099.3,103399.4,103045.5,103267.2,40.9038385336764,640.2113188633267,1,-0.0015817385915152635,102.49461714278485
2025-11-12 04:00:00,103267.2,103426.1,102941.6,103199.9,40.11819983386519,629.0890818016605,1,-0.0015817385915152635,102.68197091547266
2025-11-12 05:00:00,103200.0,103423.6,103188.1,103350.0,42.75888833175288,600.9755759586848,1,-0.0015817385915152635,102.26411354132051
2025-11-12 06:00:00,103350.0,103605.0,103290.0,103305.9,42.17048716545531,580.548749104493,1,-0.0015817385915152635,102.38688176383958
2025-11-12 07:00:00,103305.9,103496.9,103001.0,103066.7,39.03297083111672,574.5024098827431,1,-0.0015817385915152635,103.05278105695876
2025-11-12 08:00:00,103066.7,104188.0,103066.7,104100.0,54.7090847781316,613.5593806054046,0,-0.0015817385915152635,100.17621860052037
2025-11-12 09:00:00,104100.0,105044.2,104090.0,104475.4,58.848868755736866,637.8908534193041,2,0.0,101.32896042385273
2025-11-12 10:00:00,104475.4,104999.0,104462.9,104844.9,62.48375484552489,630.6200781750686,2,0.0,101.32896042385273
2025-11-12 11:00:00,104844.8,105162.6,104693.4,104979.9,63.74382582831088,619.0900725911359,2,0.0,101.32896042385273
2025-11-12 12:00:00,104979.9,105297.0,104778.2,104947.8,63.200262095865774,611.9264959774836,2,0.0,101.32896042385273
2025-11-12 13:00:00,104947.8,105135.9,104556.6,104993.8,63.67824966031178,609.5960319790911,2,0.0,101.32896042385273
2025-11-12 14:00:00,104993.7,104993.8,103508.8,103948.5,48.31933242881267,672.1248868377274,1,0.0,101.32896042385273
2025-11-12 15:00:00,103948.5,104275.8,101900.0,102124.9,33.25142219144823,793.8159663493185,1,-0.0015434327640235326,106.2497737518282
2025-11-12 16:00:00,102124.9,102249.2,101274.8,101393.1,29.302454311505485,806.7148258957953,1,-0.0015434327640235326,108.23766576204204
2025-11-12 17:00:00,101393.1,102100.0,101354.6,101700.0,32.90140557448956,802.3351954746666,0,-0.0015434327640235326,107.38834047189273
2025-11-12 18:00:00,101700.0,101910.0,101360.4,101493.6,31.731476856155012,784.282681512191,1,0.0,104.71865170078273
2025-11-12 19:00:00,101493.6,101523.0,100711.0,101245.4,30.33459425531275,786.262489975606,1,0.0,104.71865170078273
2025-11-12 20:00:00,101245.3,101795.3,101087.8,101494.9,33.50358736548658,780.6365978344913,0,0.0,104.71865170078273
2025-11-12 21:00:00,101494.9,101880.1,101467.1,101880.1,38.17920633828472,754.3768408463134,0,0.0,104.71865170078273
2025-11-12 22:00:00,101880.0,101951.0,101400.0,101922.6,38.691418047037345,739.8499236430054,1,0.0,104.71865170078273
2025-11-12 23:00:00,101922.5,101964.5,101409.8,101605.8,36.27848644374086,726.6249290970762,1,-0.001626769056711393,105.59140986315874
2025-11-13 00:00:00,101605.8,102020.0,101412.0,101813.1,38.960968415572,718.1517198758565,0,-0.001626769056711393,104.99788642635569
2025-11-13 01:00:00,101813.1,102581.7,101782.7,101960.1,40.86213039470098,723.9265970275811,0,0.0,104.81211428770688
2025-11-13 02:00:00,101960.1,102300.0,101921.1,102015.0,41.59379187340704,699.2818400970393,1,0.0,104.81211428770688
2025-11-13 03:00:00,102015.0,102525.1,100850.0,102088.1,42.61190500611436,768.9831372329655,0,-0.0016267462068212443,104.56880336229285
2025-11-13 04:00:00,102088.0,102391.0,101602.2,102067.2,42.384417870159666,770.3986274306111,1,0.0,104.62529693949351
2025-11-13 05:00:00,102067.2,103373.2,101708.2,103097.5,55.10771572645178,834.2987254712817,0,-0.00162301621043977,101.64827657301755
2025-11-13 06:00:00,103097.8,103666.6,102870.0,103555.0,59.395616644313904,831.6059593661906,2,0.0,102.88435427824722
2025-11-13 07:00:00,103555.0,104024.6,103271.7,103430.9,57.78333464715648,825.9841051257491,2,0.0,102.88435427824722
2025-11-13 08:00:00,103430.9,103765.4,103227.7,103635.1,59.720809109444545,805.3923833310525,2,0.0,102.88435427824722
2025-11-13 09:00:00,103635.2,103705.3,102509.1,102792.2,49.601480487146254,833.30721309312,2,0.0,102.88435427824722
2025-11-13 10:00:00,102792.3,103261.6,102730.6,102951.2,51.27855340232164,811.7138407293257,2,0.0,102.88435427824722
2025-11-13 11:00:00,102951.2,103124.6,102654.1,102900.0,50.693568643367094,787.3414235343739,2,0.0,102.88435427824722
2025-11-13 12:00:00,102900.1,103248.9,102691.0,103100.0,52.951443203813334,770.9527504247753,2,0.0,102.88435427824722
2025-11-13 13:00:00,103100.0,103120.3,102100.0,102282.2,44.06561573617167,788.7632682515773,1,0.0,102.88435427824722
2025-11-13 14:00:00,102282.2,103456.0,101689.0,102823.4,50.04054947432051,858.6373205193217,0,-0.001592654710274366,101.3339370081949
2025-11-13 15:00:00,102823.4,102969.8,101135.0,101338.0,38.032353904359745,928.3632261965133,1,0.0,101.95544375705828
2025-11-13 16:00:00,101338.0,101495.7,100455.7,100580.2,33.60219598305267,936.3372814681909,1,-0.0015929804477623623,104.04695334590534
2025-11-13 17:00:00,100580.3,100774.4,99556.8,99601.4,28.916855931824927,956.4274756490338,1,-0.0015929804477623623,106.77513941829699
2025-11-13 18:00:00,99601.4,99895.2,98100.0,98539.7,24.86660049956093,1016.3397988169597,1,-0.0015929804477623623,109.75176993914215
2025-11-13 19:00:00,98539.6,99256.6,98209.7,98643.1,25.954363339254513,1018.5226703300347,0,-0.0015929804477623623,109.46187298533654
2025-11-13 20:00:00,98643.1,98999.9,97959.0,98131.6,24.09589954227225,1020.1210510207461,1,0.0,106.16703851017434
2025-11-13 21:00:00,98132.1,98873.5,97985.7,98764.1,30.703650374446823,1010.6695473764073,0,0.0,106.16703851017434
2025-11-13 22:00:00,98764.2,99899.2,98657.0,99820.6,40.08597716958058,1027.207436849521,0,0.0,106.16703851017434
2025-11-13 23:00:00,99820.5,100485.8,99509.5,99654.3,39.186593209459765,1023.5711913602697,1,0.0,106.16703851017434
2025-11-14 00:00:00,99654.3,99752.7,98684.7,98941.0,35.506758222587024,1026.744677691679,1,-0.0016868094098743626,108.25021248655614
2025-11-14 01:00:00,98941.0,99528.6,98657.0,99208.8,37.865846819968276,1015.6629149994168,0,-0.0016868094098743626,107.43848252003663
2025-11-14 02:00:00,99208.9,99862.8,99201.4,99573.4,41.02857896134481,990.3584210708877,0,0.0,106.83288787535741
2025-11-14 03:00:00,99573.3,99605.5,98730.0,99103.3,38.32014970908099,982.154248137253,1,0.0,106.83288787535741
2025-11-14 04:00:00,99103.3,99152.0,96600.0,97789.7,31.969423411921255,1094.2860875560207,1,-0.0017068258319280578,110.74428378706564
2025-11-14 05:00:00,97789.7,97997.3,97000.0,97491.9,30.726194197589308,1087.358509873448,1,-0.0017068258319280578,111.63887899670243
2025-11-14 06:00:00,97491.8,97585.9,95840.9,97530.9,31.10405743959322,1134.3329020253445,0,-0.0017068258319280578,111.5217224715989
2025-11-14 07:00:00,97531.0,97714.2,96704.3,97099.9,29.20794557472314,1125.4448375949623,1,0.0,109.44772792784786
2025-11-14 08:00:00,97099.9,97442.3,96714.4,97333.2,31.63728589939359,1097.0487777667513,1,0.0,109.44772792784786
2025-11-14 09:00:00,97333.2,97520.0,96622.8,96808.2,29.208225757298223,1082.773865069126,1,0.0,109.44772792784786
2025-11-14 10:00:00,96808.2,97255.2,96624.0,96703.8,28.735741507861107,1050.5185889927598,1,0.0,109.44772792784786
2025-11-14 11:00:00,96703.8,96909.3,95597.9,96134.6,26.24317051167219,1069.1529754932776,1,0.0,109.44772792784786
2025-11-14 12:00:00,96134.5,96134.6,94500.0,95327.0,23.171994868735567,1109.5420486723297,1,0.0,109.44772792784786
2025-11-14 13:00:00,95327.0,95680.0,94526.4,95209.0,22.75301070897811,1112.689045195735,1,0.0,109.44772792784786
2025-11-14 14:00:00,95209.0,96765.0,94905.2,96497.7,36.29962265174612,1166.0541133960398,0,0.0,109.44772792784786
2025-11-14 15:00:00,96497.7,97280.0,95806.9,96752.6,38.59347948284147,1187.9859624391804,0,0.0,109.44772792784786
2025-11-14 16:00:00,96752.7,97377.6,96211.1,96972.5,40.58134587365689,1186.4512508363819,0,0.0,109.44772792784786
2025-11-14 17:00:00,96972.6,97094.4,95551.0,95813.8,34.28354548662877,1211.9475900623543,1,0.0,109.44772792784786
2025-11-14 18:00:00,95813.7,96297.5,94911.0,95023.9,30.77703593043347,1224.4156193436147,1,0.0,109.44772792784786
2025-11-14 19:00:00,95023.9,95886.9,94741.2,95737.3,37.04025933583986,1218.793075104785,0,0.0,109.44772792784786
2025-11-14 20:00:00,95737.4,95900.0,94150.2,94336.6,31.091963409103045,1256.7221411687292,1,0.0,109.44772792784786
2025-11-14 21:00:00,94336.6,95127.7,94179.9,95023.3,36.477771513161734,1234.6562739423916,0,0.0,109.44772792784786
2025-11-14 22:00:00,95023.3,95452.4,94654.0,95147.6,37.431069111090984,1203.4951115179347,2,0.0,109.44772792784786
2025-11-14 23:00:00,95147.5,95147.5,93955.0,94544.9,34.710972665910504,1202.716889266654,2,0.0,109.44772792784786
2025-11-15 00:00:00,94544.9,95395.3,94523.9,95120.0,39.247690055835456,1179.0513971761793,2,0.0,109.44772792784786
2025-11-15 01:00:00,95120.0,95766.5,94715.5,95617.0,42.937867340615874,1169.9048688064524,2,0.0,109.44772792784786
2025-11-15 02:00:00,95617.0,96474.6,95374.8,96452.5,48.59110746634375,1164.8973781774205,2,0.0,109.44772792784786
2025-11-15 03:00:00,96452.4,96800.0,96100.8,96388.5,48.19720428870302,1131.6332797361758,2,0.0,109.44772792784786
2025-11-15 04:00:00,96388.5,96488.0,95900.1,96077.4,46.23515581397335,1092.7951883264486,2,0.0,109.44772792784786
2025-11-15 05:00:00,96077.4,96389.8,95941.0,96304.0,47.89887328984808,1046.795532017417,2,0.0,109.44772792784786
2025-11-15 06:00:00,96304.1,96543.8,95906.7,96093.5,46.460595297814784,1017.5315654447447,2,0.0,109.44772792784786
2025-11-15 07:00:00,96093.4,96337.5,95925.8,96289.4,48.02475503092561,974.2578821986913,2,0.0,109.44772792784786
2025-11-15 08:00:00,96289.3,96310.4,95605.9,95878.8,45.053722316869084,954.9894620416419,2,0.0,109.44772792784786
2025-11-15 09:00:00,95878.9,96118.6,95629.9,95774.1,44.301113438525306,921.6830718958112,2,0.0,109.44772792784786
2025-11-15 10:00:00,95774.1,96027.2,95650.9,95912.0,45.590304316930336,882.7271381889677,2,0.0,109.44772792784786
2025-11-15 11:00:00,95912.0,95949.0,95587.3,95657.3,43.583777619248174,845.5109140326127,2,0.0,109.44772792784786
2025-11-15 12:00:00,95657.3,95842.6,95534.1,95766.1,44.70335942639241,807.1529916017118,2,0.0,109.44772792784786
2025-11-15 13:00:00,95766.1,96330.0,95677.7,96325.7,50.17971378434941,796.0920636301613,2,0.0,109.44772792784786
2025-11-15 14:00:00,96325.7,96439.6,95953.8,96201.8,49.02210182105271,773.9283447994356,2,0.0,109.44772792784786
2025-11-15 15:00:00,96201.8,96385.0,96059.0,96222.1,49.22876446138489,741.9334630280474,2,0.0,109.44772792784786
2025-11-15 16:00:00,96222.1,96285.1,95677.7,96111.4,48.08399803186178,732.3239299546161,2,0.0,109.44772792784786
2025-11-15 17:00:00,96111.4,96362.5,95804.2,96198.0,49.08153321385068,719.8936492435723,2,0.0,109.44772792784786
2025-11-15 18:00:00,96197.9,96312.0,95899.4,96009.6,46.96721905776496,697.9441028690319,2,0.0,109.44772792784786
2025-11-15 19:00:00,96009.6,96110.2,95875.0,95967.7,46.48758917978086,664.890952664101,2,0.0,109.44772792784786
2025-11-15 20:00:00,95967.7,95979.1,95072.1,95249.5,39.11427515494094,682.1844560452366,1,0.0,109.44772792784786
2025-11-15 21:00:00,95249.4,95645.7,95086.8,95245.4,39.07617200690357,673.3784234705764,1,-0.0018193506095649753,109.42501128507931
2025-11-15 22:00:00,95245.4,95621.1,95186.1,95577.4,43.84642985812075,656.3513932226781,0,-0.0018193506095649753,108.3619283368983
2025-11-15 23:00:00,95577.4,95655.0,95450.0,95560.3,43.65682497007037,624.1120079924868,1,0.0,108.77980885265579
2025-11-16 00:00:00,95560.4,95672.7,95159.0,95327.0,41.048758642758656,616.2254359930233,1,-0.0018023666454588182,109.48488408283865
2025-11-16 01:00:00,95327.1,95462.2,94800.0,95243.7,40.126998124517456,619.5093334220929,1,-0.0018023666454588182,109.73194403147491
2025-11-16 02:00:00,95243.7,95937.7,95055.0,95934.3,50.12603607501253,638.3086667490861,0,-0.0018023666454588182,107.5412466780521
2025-11-16 03:00:00,95934.2,95946.4,95580.5,95782.0,48.21373625504851,618.8509048384367,2,0.0,108.01814836669789
2025-11-16 04:00:00,95782.0,95891.4,95602.0,95781.0,48.200733629668115,595.3186973499764,2,0.0,108.01814836669789
2025-11-16 05:00:00,95781.0,96170.6,95772.2,95850.0,49.21838849942039,581.2530761106931,2,0.0,108.01814836669789
2025-11-16 06:00:00,95849.9,96007.1,95710.0,95762.8,47.93665794777418,560.9564278170726,2,0.0,108.01814836669789
2025-11-16 07:00:00,95763.0,96067.1,95690.0,96064.8,52.545790819446125,547.8238258301392,2,0.0,108.01814836669789
2025-11-16 08:00:00,96064.8,96222.0,95818.6,96083.5,52.824290672919524,537.5078382708432,2,0.0,108.01814836669789
2025-11-16 09:00:00,96083.5,96600.0,95896.2,96597.4,59.805608138912916,549.385849822926,2,0.0,108.01814836669789
2025-11-16 10:00:00,96597.3,96597.3,96340.0,96412.7,56.56561265446801,528.5297176927166,2,0.0,108.01814836669789
2025-11-16 11:00:00,96412.7,96414.0,95443.6,95588.0,44.875353065696224,560.091880714665,1,0.0,108.01814836669789
2025-11-16 12:00:00,95588.0,95870.0,95385.1,95713.7,46.683997538778755,554.7210320921886,0,-0.0017892280925841982,107.58725296666194
2025-11-16 13:00:00,95713.6,95815.0,95073.0,95371.8,42.59072274519842,568.0981012284608,1,0.0,107.72325346790963
2025-11-16 14:00:00,95371.9,95636.0,95253.9,95487.0,44.360916850018285,554.8125225692854,1,-0.0017883883704706935,107.32600369602304
2025-11-16 15:00:00,95487.1,95517.0,94300.0,94531.3,34.779738692994144,602.1116281000508,1,-0.0017883883704706935,110.33413016358259
2025-11-16 16:00:00,94531.2,94902.5,94000.0,94185.4,32.07917025291971,623.5679403786186,1,-0.0017883883704706935,111.42287238931125
2025-11-16 17:00:00,94184.8,94506.8,93677.4,94328.0,34.342595877566126,638.270230351575,0,-0.0017883883704706935,110.95718582224117
2025-11-16 18:00:00,94327.9,95544.8,93714.7,94005.9,31.767451935401155,723.4009281836059,1,0.0,109.5039392514571
2025-11-16 19:00:00,94005.9,94564.9,93897.0,93994.5,31.676918265750658,719.4365761704908,1,0.0,109.5039392514571
2025-11-16 20:00:00,93994.5,94700.0,93921.1,94051.1,32.7023898902918,723.6839635868839,1,0.0,109.5039392514571
2025-11-16 21:00:00,94051.1,94171.5,93285.0,93472.9,28.067803632697547,735.3136804735351,1,0.0,109.5039392514571
2025-11-16 22:00:00,93473.0,94481.7,93000.0,94156.7,39.06611560004816,788.6269890111396,0,0.0,109.5039392514571
2025-11-16 23:00:00,94156.6,94528.8,92922.8,94221.7,40.005158784440646,847.0107755103439,0,0.0,109.5039392514571
2025-11-17 00:00:00,94221.7,95354.3,93730.0,95254.4,52.52359384711817,902.5314344024625,0,0.0,109.5039392514571
2025-11-17 01:00:00,95254.4,95470.2,94672.1,94732.5,47.167183063279104,895.0720462308574,2,0.001820191373292367,107.72047360283457
2025-11-17 02:00:00,94732.5,95384.6,94673.5,94942.1,49.39904250957076,881.9311857857965,2,0.001820191373292367,108.42245588862403
2025-11-17 03:00:00,94942.1,95539.3,94933.8,95472.1,54.619425201211705,862.186101086811,2,0.001820191373292367,110.19750651585873
2025-11-17 04:00:00,95472.0,95541.6,94850.0,95067.8,50.351936868467035,850.0013795806108,2,0.001820191373292367,108.84344431097006
2025-11-17 05:00:00,95067.8,95236.0,94866.2,95088.6,50.565928051312326,815.7012810391388,2,0.001820191373292367,108.91310667520872
2025-11-17 06:00:00,95088.6,95300.0,94851.6,95237.3,52.15365088499629,789.4654752506285,2,0.001820191373292367,109.41112559647249
2025-11-17 07:00:00,95237.3,95838.0,95163.4,95587.9,55.761392147361185,781.2607984470126,2,0.001820191373292367,110.58533833214885
2025-11-17 08:00:00,95587.9,95980.1,95476.1,95577.3,55.62482887856808,761.4564557007974,2,0.001820191373292367,110.54983731960418
2025-11-17 09:00:00,95577.3,95841.3,95268.9,95608.0,55.96122633706895,747.9524231507411,2,0.001820191373292367,110.63525939220446
2025-11-17 10:00:00,95608.0,95845.1,95500.1,95607.6,55.95527437720335,719.1701072114024,2,0.001820191373292367,110.63391973135374
2025-11-17 11:00:00,95607.6,95909.1,95353.0,95530.1,54.74046633483249,707.5222424105884,2,0.001820191373292367,110.37436044152224
2025-11-17 12:00:00,95530.0,95543.3,95223.0,95283.4,50.94861630176968,679.8635108098323,2,0.001820191373292367,109.54812461182635
2025-11-17 13:00:00,95283.4,95340.0,93511.8,93913.5,36.02555945609807,761.887545751987,1,0.001820191373292367,104.96012111324366
2025-11-17 14:00:00,93913.6,96012.2,93713.3,94730.2,46.15193196382998,871.6741496268447,0,0.0,106.97544375830336
2025-11-17 15:00:00,94730.2,94977.2,93736.3,93915.7,39.44594131774137,898.0474246534983,1,0.0,106.97544375830336
2025-11-17 16:00:00,93915.8,94388.0,93016.0,94267.0,43.274399470590964,931.9011800353913,0,-0.0018035087418892366,105.82595087974491
2025-11-17 17:00:00,94267.0,94357.9,92620.1,92724.0,33.31217901068179,989.465381461434,1,0.0,106.25547554069567
2025-11-17 18:00:00,92724.0,93175.4,92366.8,92504.2,32.175856373498675,976.5464256427596,1,0.0,106.25547554069567
2025-11-17 19:00:00,92504.2,92617.9,91550.2,91656.2,28.18175164861752,983.0573952397051,1,0.0,106.25547554069567
2025-11-17 20:00:00,91656.2,92194.1,91250.0,91880.5,30.63448890771396,980.2747241511552,0,0.0,106.25547554069567
2025-11-17 21:00:00,91880.0,92227.7,91480.0,91925.7,31.144813763882652,963.6622438546439,1,0.0,106.25547554069567
2025-11-17 22:00:00,91925.6,92370.9,91777.0,92213.1,34.44719656015084,937.2506550078832,1,0.0,106.25547554069567
2025-11-17 23:00:00,92213.1,92261.6,91753.8,92169.7,34.1805978404184,906.5756082216061,1,0.0,106.25547554069567
2025-11-18 00:00:00,92169.8,92335.4,91126.0,92120.2,33.85873190349085,928.2059219200625,1,0.0,106.25547554069567
2025-11-18 01:00:00,92120.2,92186.1,91567.5,91681.2,31.064846552368266,906.091213211487,1,0.0,106.25547554069567
2025-11-18 02:00:00,91681.2,91720.4,90640.7,90837.6,26.533839626318468,918.4918408392377,1,0.0,106.25547554069567
2025-11-18 03:00:00,90837.6,90900.0,89666.1,90811.9,26.40747265182091,941.0209950650061,1,0.0,106.25547554069567
2025-11-18 04:00:00,90811.8,90842.1,89012.0,90049.4,22.91979997515884,1004.5266382746489,1,0.0,106.25547554069567
2025-11-18 05:00:00,90049.4,90455.0,89676.8,90185.9,24.833658280028416,988.3604498264596,1,0.0,106.25547554069567
2025-11-18 06:00:00,90185.8,90197.1,89333.1,89615.9,22.33927642932032,979.477560553141,1,0.0,106.25547554069567
2025-11-18 07:00:00,89615.9,90500.5,89299.7,90459.1,33.05200790079452,995.2863062279168,0,0.0,106.25547554069567
2025-11-18 08:00:00,90459.2,91453.5,90459.1,91179.9,40.59572432721286,995.2229986402081,0,0.0,106.25547554069567
2025-11-18 09:00:00,91180.0,91450.1,90843.9,91361.7,42.35987823987824,967.4356415944798,2,0.0,106.25547554069567
2025-11-18 10:00:00,91361.6,91567.0,91203.7,91536.3,44.07754933077042,924.2830957663028,2,0.0,106.25547554069567
2025-11-18 11:00:00,91536.3,91565.5,91188.0,91473.6,43.57536388252054,885.2271603544241,2,0.0,106.25547554069567
2025-11-18 12:00:00,91474.1,91859.0,91056.1,91470.1,43.545539219628196,879.3466489005363,2,0.0,106.25547554069567
2025-11-18 13:00:00,91470.1,91616.5,90888.0,91438.4,43.256761010039284,868.5718882647838,2,0.0,106.25547554069567
2025-11-18 14:00:00,91438.4,92410.0,91166.2,91315.9,42.095010481925684,895.3738962458709,1,0.0,106.25547554069567
2025-11-18 15:00:00,91315.8,92991.7,90941.7,92851.4,57.50220834630409,977.8471893711659,0,-0.0018423717695688062,101.24168970477265
2025-11-18 16:00:00,92851.5,93799.1,92532.0,93447.3,61.75514522269117,998.5081044160831,2,0.0,103.35658776411734
2025-11-18 17:00:00,93447.2,93609.0,92759.6,93215.7,59.27243959049527,987.8575255292196,2,0.0,103.35658776411734
2025-11-18 18:00:00,93215.7,93728.1,93103.0,93290.6,59.83481944076692,961.9462737057044,2,0.0,103.35658776411734
2025-11-18 19:00:00,93290.7,93576.0,92949.7,93143.1,58.132445988596515,937.9715398695829,2,0.0,103.35658776411734
2025-11-18 20:00:00,93143.1,93267.4,92616.0,92756.8,53.814128806259106,917.5021441646123,2,0.0,103.35658776411734
2025-11-18 21:00:00,92756.9,92997.9,92420.3,92459.0,50.68814307313309,893.2234195814251,2,0.0,103.35658776411734
2025-11-18 22:00:00,92459.0,93400.0,92446.9,93119.6,56.6971866082273,897.5003181827524,2,0.0,103.35658776411734
2025-11-18 23:00:00,93119.6,93131.4,92685.3,92916.9,54.502510851695526,865.2574383125552,2,0.0,103.35658776411734
2025-11-19 00:00:00,92916.8,92944.8,91838.6,92377.6,49.06114539562914,882.4676212902297,2,0.0,103.35658776411734
2025-11-19 01:00:00,92377.6,92617.2,91890.5,92410.2,49.39007197448691,871.3413626266416,2,0.0,103.35658776411734
2025-11-19 02:00:00,92410.1,92835.9,92223.2,92529.2,50.64296192873117,852.8669795818813,2,0.0,103.35658776411734
2025-11-19 03:00:00,92529.2,92604.7,91600.0,91842.2,43.88807344795113,863.7121953260324,1,0.0,103.35658776411734
2025-11-19 04:00:00,91842.1,91934.1,91115.2,91120.3,38.132376192487264,860.5113242313165,1,-0.0017818380943239503,105.58663007107671
2025-11-19 05:00:00,91120.4,91237.4,89966.0,90415.7,33.5127038426871,889.8605153576507,1,-0.0017818380943239503,107.79628036449549
2025-11-19 06:00:00,90415.7,91064.0,90228.5,90938.5,39.38089741800104,885.9776214035328,0,-0.0017818380943239503,106.15676124244136
2025-11-19 07:00:00,90938.5,91987.2,90903.4,91826.6,47.80803997999671,900.1077913032807,0,0.0,104.89989115177187
2025-11-19 08:00:00,91826.6,91920.0,91226.3,91435.4,44.85031368375226,885.3643776387605,2,0.0,104.89989115177187
2025-11-19 09:00:00,91435.4,91480.0,91038.9,91480.0,45.26606573989984,853.631207807421,2,0.0,104.89989115177187
2025-11-19 10:00:00,91479.9,91650.0,91188.0,91267.0,43.57650734747989,825.657550106891,2,0.0,104.89989115177187
2025-11-19 11:00:00,91267.0,91784.6,91260.9,91372.4,44.67691235368212,804.0891536706853,2,0.0,104.89989115177187
2025-11-19 12:00:00,91372.3,91832.8,91166.0,91737.0,48.42405738482894,794.2827855513508,2,0.0,104.89989115177187
2025-11-19 13:00:00,91737.0,91863.2,91200.0,91362.0,45.04467861505026,784.9197294405399,1,0.0,104.89989115177187
2025-11-19 14:00:00,91361.9,91828.9,91006.4,91670.6,48.245581282178605,787.6040344805014,0,-0.0018179494135815632,103.87812870091162
2025-11-19 15:00:00,91670.6,92348.2,89822.0,89901.0,35.48281849667586,911.7894605890368,1,0.0,104.27047768346074
2025-11-19 16:00:00,89901.0,90202.5,89416.0,89863.2,35.268197704151035,902.8402134041056,1,-0.0018364080822105744,104.3588057811393
2025-11-19 17:00:00,89863.1,90098.5,88820.8,89459.9,32.97639135315633,929.6159124466693,1,-0.0018364080822105744,105.64580037847969
2025-11-19 18:00:00,89459.8,89696.1,88765.0,89214.4,31.629016916743552,929.7219187004791,1,-0.0018364080822105744,106.43927558264124
2025-11-19 19:00:00,89214.4,89349.1,88600.0,88857.7,29.728406513947746,916.8203530790169,1,-0.0018364080822105744,107.59215788538839
2025-11-19 20:00:00,88857.8,89673.8,88564.4,89472.8,36.78295029825897,930.5760421448019,0,-0.0018364080822105744,105.60410656938117
2025-11-19 21:00:00,89472.8,90806.1,89401.7,90553.9,46.87721697907669,964.420610563031,0,0.0,104.97279735689433
2025-11-19 22:00:00,90553.8,90598.2,90055.6,90434.3,46.00209585985252,934.2905669513852,1,0.0,104.97279735689433
2025-11-19 23:00:00,90434.4,91554.9,90434.4,91508.9,54.26375366319806,947.5983835977142,0,-0.001837874889819637,101.46308293710676
2025-11-20 00:00:00,91509.0,92272.6,91140.2,91850.1,56.537549056000366,960.798499055021,2,0.0,102.92926721301731
2025-11-20 01:00:00,91850.1,92689.4,91777.1,92556.0,60.87166993720134,957.3343205510902,2,0.0,102.92926721301731
2025-11-20 02:00:00,92556.0,92760.0,92288.0,92555.9,60.87074388191114,922.6675833688694,2,0.0,102.92926721301731
2025-11-20 03:00:00,92556.0,92692.3,92330.0,92404.6,59.39836426185857,882.6413274139503,2,0.0,102.92926721301731
2025-11-20 04:00:00,92404.7,92960.0,92093.5,92936.7,62.80578383236123,881.488375455811,2,0.0,102.92926721301731
2025-11-20 05:00:00,92936.6,93150.0,92533.7,92581.7,59.234094984174675,862.546348637539,2,0.0,102.92926721301731
2025-11-20 06:00:00,92581.6,92820.0,91640.2,91938.1,53.31450379645719,885.2073237348579,2,0.0,102.92926721301731
2025-11-20 07:00:00,91938.2,92397.9,91753.4,92267.4,55.75109602191088,868.0139434680824,2,0.0,102.92926721301731
2025-11-20 08:00:00,92267.5,92363.1,92000.0,92082.3,54.04365786581525,831.9486617917912,2,0.0,102.92926721301731
2025-11-20 09:00:00,92082.2,92091.8,91388.5,91874.1,52.11046359538488,822.7594716638064,2,0.0,102.92926721301731
2025-11-20 10:00:00,91874.1,92030.9,91550.0,91770.0,51.125716166148806,798.3409379735341,2,0.0,102.92926721301731
2025-11-20 11:00:00,91770.1,91987.8,91452.3,91892.6,52.269696449199365,779.5665852611388,2,0.0,102.92926721301731
2025-11-20 12:00:00,91892.7,91968.2,91650.0,91797.3,51.26520114195421,746.6118291710573,2,0.0,102.92926721301731
2025-11-20 13:00:00,91797.3,92498.6,91440.0,91479.7,47.95749655907202,768.8966985159822,1,0.0,102.92926721301731
2025-11-20 14:00:00,91479.6,91651.5,90400.0,91064.5,43.96392018416218,803.3683629076977,1,-0.0017815027788016808,104.19738129901441
2025-11-20 15:00:00,91064.4,91145.1,89804.1,89835.4,34.74110215917884,841.7706227000051,1,-0.0017815027788016808,108.05115661416268
2025-11-20 16:00:00,89835.5,89885.7,87450.0,87855.5,25.47147847949296,955.622721078576,1,-0.0017815027788016808,114.25902395324168
2025-11-20 17:00:00,87855.5,88153.9,86281.9,87186.1,23.216026724222047,1021.0782410015348,1,-0.0017815027788016808,116.3422392813319
2025-11-20 18:00:00,87186.1,87713.0,86260.9,86445.7,21.000973343107546,1051.8655095014255,1,-0.0017815027788016808,118.66372267839951
2025-11-20 19:00:00,86445.7,87124.6,86066.6,86880.3,25.49455179966074,1052.303687394181,0,-0.0017815027788016808,117.3010583289052
2025-11-20 20:00:00,86880.2,87088.1,86291.7,86432.8,23.981889487158398,1034.0248525803115,1,0.0,111.04232117383754
2025-11-20 21:00:00,86432.8,87630.9,86401.3,87235.0,31.79437297646598,1047.9945059674315,0,0.0,111.04232117383754
2025-11-20 22:00:00,87234.6,88214.1,87157.8,88033.8,38.56498730693541,1048.5877555411867,0,0.0,111.04232117383754
2025-11-20 23:00:00,88033.7,88136.4,86522.4,86601.3,32.36099807048495,1088.9743444311018,1,0.0,111.04232117383754
2025-11-21 00:00:00,86601.4,87465.4,86552.0,87249.9,37.28077617276351,1076.4333198288798,0,0.0,111.04232117383754
2025-11-21 01:00:00,87249.9,87438.0,86800.0,87017.4,36.26256572320381,1045.1166541268171,1,0.0,111.04232117383754
2025-11-21 02:00:00,87017.4,87038.0,85288.0,85396.4,30.091723909648124,1095.4654645463302,1,-0.0020204810592507104,116.77063032988977
2025-11-21 03:00:00,85396.3,86109.0,85394.9,85782.5,33.01561330535624,1068.2250742215926,0,-0.0020204810592507104,115.39764071281076
2025-11-21 04:00:00,85782.4,86094.0,85347.9,86016.6,34.7963134496722,1045.2161403486223,0,0.0,113.46604184380898
2025-11-21 05:00:00,86016.7,86313.2,85794.0,86148.2,35.82906237675286,1007.6435588951491,1,0.0,113.46604184380898
2025-11-21 06:00:00,86148.3,86219.4,85501.0,85541.3,33.21618915470937,986.9833046883524,1,-0.00208541288445606,115.6571009076983
2025-11-21 07:00:00,85541.4,85734.8,81111.0,84006.7,27.712844208085357,1246.7559257820417,1,-0.00208541288445606,121.28958422567415
2025-11-21 08:00:00,84006.7,84667.1,83550.6,83609.6,26.4897923802737,1237.4519310833246,1,-0.00208541288445606,122.74707094896893
2025-11-21 09:00:00,83609.6,83958.8,82074.3,82188.7,22.639612195177165,1283.6696502916586,1,-0.00208541288445606,127.9448020701001
2025-11-21 10:00:00,82188.7,82881.9,81601.7,82673.1,26.558555786462605,1283.4218181279684,0,-0.00208541288445606,126.16689582793435
2025-11-21 11:00:00,82673.1,83332.8,82157.7,82279.1,25.430123224837175,1275.6845454045426,1,0.0,120.6236598700002
2025-11-21 12:00:00,82279.2,83569.2,80600.0,83240.1,32.916919275512925,1396.6499350185036,0,0.0,120.6236598700002
2025-11-21 13:00:00,83240.1,84384.6,83060.3,84065.2,38.615409684434674,1391.482082517182,0,0.0,120.6236598700002
2025-11-21 14:00:00,84065.3,85449.2,83508.7,84801.0,43.24545605626291,1430.6976480516691,0,0.0,120.6236598700002
2025-11-21 15:00:00,84801.0,85063.5,82699.9,82905.1,35.76077601084758,1497.3335303336933,1,0.0,120.6236598700002
2025-11-21 16:00:00,82905.0,84900.1,82300.0,84883.1,46.21898460973899,1576.102563881287,0,-0.0023036877280267873,112.56432002476107
2025-11-21 17:00:00,84883.0,85548.4,84524.5,84842.7,46.054067858172175,1536.659523604052,2,0.0,115.96817224129994
2025-11-21 18:00:00,84842.8,85055.6,83250.1,84534.2,44.74123092345972,1555.8624147751914,2,0.0,115.96817224129994
2025-11-21 19:00:00,84534.2,84982.0,84025.9,84167.2,43.16482396485244,1513.0222422912498,2,0.0,115.96817224129994
2025-11-21 20:00:00,84167.1,84618.2,83418.4,84529.0,45.21417248510168,1490.6492249847322,2,0.0,115.96817224129994
2025-11-21 21:00:00,84529.0,85374.5,84312.2,85142.4,48.598221548140096,1460.0528517715372,2,0.0,115.96817224129994
2025-11-21 22:00:00,85142.5,85369.6,84215.1,84242.3,44.27634949729258,1438.2276480735704,2,0.0,115.96817224129994
2025-11-21 23:00:00,84242.2,85322.4,84078.0,85093.5,48.904033383194175,1424.3828160683152,2,0.0,115.96817224129994
2025-11-22 00:00:00,85093.6,85599.9,84500.9,84695.1,46.93917186705128,1401.1411863491498,2,0.0,115.96817224129994
2025-11-22 01:00:00,84695.1,85175.2,84537.4,85143.0,49.40055617041482,1346.6168158956395,2,0.0,115.96817224129994
2025-11-22 02:00:00,85143.5,85172.8,84243.3,84492.0,46.05644702102559,1316.8227576173797,2,0.0,115.96817224129994
2025-11-22 03:00:00,84492.0,84579.4,84180.0,84414.1,45.65814908129535,1251.2925606447093,2,0.0,115.96817224129994
2025-11-22 04:00:00,84414.0,84524.9,83792.0,84206.7,44.553422814347094,1214.2645205986582,2,0.0,115.96817224129994
2025-11-22 05:00:00,84206.7,84284.1,83833.8,84250.0,44.8534211059984,1159.6956262701829,2,0.0,115.96817224129994
2025-11-22 06:00:00,84250.0,84764.3,84040.3,84597.5,47.3169981514665,1128.574510108027,2,0.0,115.96817224129994
2025-11-22 07:00:00,84597.4,84632.7,84355.4,84537.4,46.92654360235609,1067.769187957454,2,0.0,115.96817224129994
2025-11-22 08:00:00,84537.4,84546.4,83896.6,83979.3,43.349230684519895,1037.9142459604923,2,0.0,115.96817224129994
2025-11-22 09:00:00,83979.3,84315.6,83821.3,83898.5,42.84004949752529,999.0846569633145,2,0.0,115.96817224129994
2025-11-22 10:00:00,83898.6,84187.3,83456.0,83666.1,41.33611120292038,979.9571814659352,2,0.0,115.96817224129994
2025-11-22 11:00:00,83666.0,84328.5,83552.7,84066.2,44.92105830613611,965.37452564694,2,0.0,115.96817224129994
2025-11-22 12:00:00,84066.2,84131.0,83578.5,83845.2,43.34539551638947,935.88348810073,2,0.0,115.96817224129994
2025-11-22 13:00:00,83845.2,84100.0,83607.4,83908.0,43.94707284849617,904.2203818078211,2,0.0,115.96817224129994
2025-11-22 14:00:00,83907.9,84712.7,83892.5,84451.5,48.995557401458925,898.2189259644051,2,0.0,115.96817224129994
2025-11-22 15:00:00,84451.4,84535.7,83968.6,84239.9,47.21267720484581,874.5675741098041,2,0.0,115.96817224129994
2025-11-22 16:00:00,84239.9,84888.0,84175.0,84659.7,51.0206182125582,863.027033101961,2,0.0,115.96817224129994
2025-11-22 17:00:00,84659.6,84690.0,84385.2,84515.5,49.69451733782347,823.1536735946784,2,0.0,115.96817224129994
2025-11-22 18:00:00,84515.2,84648.4,84425.9,84624.8,50.73964175856499,780.2498397664871,2,0.0,115.96817224129994
2025-11-22 19:00:00,84624.8,84761.8,84463.6,84566.7,50.14328504620724,745.817708354595,2,0.0,115.96817224129994
2025-11-22 20:00:00,84566.8,84779.8,84193.8,84426.7,48.659195101209164,734.4021577578383,2,0.0,115.96817224129994
2025-11-22 21:00:00,84426.7,84481.1,84195.4,84370.0,48.039066578725766,702.3520036322792,2,0.0,115.96817224129994
2025-11-22 22:00:00,84370.1,85238.3,84234.8,85020.6,55.10866845227856,723.8625748014022,2,0.0,115.96817224129994
2025-11-22 23:00:00,85020.5,85139.9,84618.0,84689.4,51.28345034999057,709.4366766013017,2,0.0,115.96817224129994
2025-11-23 00:00:00,84689.4,85286.8,84622.0,84929.1,53.78375719688071,706.2483425583517,2,0.0,115.96817224129994
2025-11-23 01:00:00,84929.2,86200.0,84910.8,85837.5,61.787848807210295,747.8877466613264,0,0.0,115.96817224129994
2025-11-23 02:00:00,85837.5,86300.0,85629.3,85948.4,62.63855612796702,742.3743361855172,2,0.0021391148707195756,116.36703012945281
2025-11-23 03:00:00,85948.5,86261.0,85764.1,86261.0,65.00362532131987,724.8404550294084,2,0.0021391148707195756,117.59741477725281
2025-11-23 04:00:00,86261.0,86826.8,86104.8,86499.3,66.7324871468201,724.6375653844507,2,0.0021391148707195756,118.53535675284697
2025-11-23 05:00:00,86499.4,86540.5,85935.0,86315.3,64.09937424403377,716.1277392855613,2,0.0021391148707195756,117.81113802221614
2025-11-23 06:00:00,86315.2,86458.7,85819.8,85819.8,57.51759369963213,710.6114721937352,2,0.0021391148707195756,115.8608642122837
2025-11-23 07:00:00,85819.8,85881.5,85348.7,85732.0,56.41224692980016,697.9106527513258,2,0.0021391148707195756,115.5152859266892
2025-11-23 08:00:00,85732.1,86158.7,85724.7,86100.0,59.891398455334354,679.0598918405168,2,0.0021391148707195756,116.96372338795084
2025-11-23 09:00:00,86100.0,86438.5,86031.6,86348.2,62.08930513259915,659.6198995661938,2,0.0021391148707195756,117.9222137009931
2025-11-23 10:00:00,86348.2,86410.0,86000.0,86023.9,57.64443600970158,641.7899067400372,2,0.0021391148707195756,116.64577818825627
2025-11-23 11:00:00,86024.0,86379.9,85777.9,86290.3,60.167081709163625,638.9477705443203,2,0.0021391148707195756,117.69432095912614
2025-11-23 12:00:00,86290.3,86858.0,86222.0,86485.1,61.95160235638283,638.7372155054403,2,0.0021391148707195756,118.46104818046793
2025-11-23 13:00:00,86485.1,86899.0,86270.4,86887.9,65.40305844477001,638.0131286836236,2,0.0021391148707195756,120.04645744513142
2025-11-23 14:00:00,86887.9,87178.9,86444.0,86512.2,59.94134534322393,644.9336194919357,2,0.0021391148707195756,118.56771300438145
2025-11-23 15:00:00,86512.3,87222.0,86406.1,87042.8,64.45584619283845,657.1455038139399,2,0.0021391148707195756,120.65613940912448
2025-11-23 16:00:00,87042.8,87472.0,86632.9,86647.4,59.10986474058447,670.142253541516,2,0.0021391148707195756,119.0998563325406
2025-11-23 17:00:00,86647.4,86920.4,86458.0,86699.4,59.5846128444092,655.303521145693,2,0.0021391148707195756,119.28599196918613
2025-11-23 18:00:00,86699.4,87223.3,86673.5,86950.8,61.888430683392734,647.7675553495724,2,0.0021391148707195756,120.27549516962414
2025-11-23 19:00:00,86950.7,87653.9,86888.0,87276.7,64.6977886156846,656.2055871103169,2,0.0021391148707195756,121.55822823654033
2025-11-23 20:00:00,87276.7,87652.9,87175.6,87435.0,66.00848471168138,643.4266166024363,2,0.0021391148707195756,122.18129250316458
2025-11-23 21:00:00,87435.1,87950.0,87100.0,87945.0,69.88749494451648,658.1818582736909,2,0.0021391148707195756,124.18863789784783
2025-11-23 22:00:00,87944.9,88100.0,87511.6,87964.7,70.02976753693498,653.1974398255697,2,0.0021391148707195756,124.26617653368166
2025-11-23 23:00:00,87964.7,88049.8,86700.0,86807.7,53.917521200558895,702.954765552315,1,0.0021391148707195756,119.71225766770416
2025-11-24 00:00:00,86807.6,87189.1,85915.0,86701.8,52.7218511702572,743.7508537271501,1,0.0,117.93066684550597
2025-11-24 01:00:00,86701.7,87054.0,86360.9,87033.6,56.01316465034086,740.1329356037827,0,0.0,117.93066684550597
2025-11-24 02:00:00,87033.6,88049.5,86976.8,87483.6,60.072896985687485,763.8877259177981,0,0.0021454191925729576,119.66879560800945
2025-11-24 03:00:00,87483.6,87756.4,87150.7,87408.8,59.096535870579466,752.5886026379552,1,0.0021454191925729576,119.37351727369723
2025-11-24 04:00:00,87408.7,87555.4,86400.0,86682.7,50.513872404167486,781.3608453066723,1,0.0,118.65869195366469
2025-11-24 05:00:00,86682.6,87795.9,86624.6,87425.3,57.337963750477115,809.2136420704807,0,-0.002167402056696078,115.78705343111874
2025-11-24 06:00:00,87425.4,87475.1,86736.9,86862.1,51.533724844983155,804.1412390654473,1,0.0,116.97138648830698
2025-11-24 07:00:00,86862.1,87311.1,86642.1,87004.6,52.83468109245452,794.4882934179154,0,-0.00213216921157965,116.3986714875118
2025-11-24 08:00:00,87004.6,87004.6,86674.4,86916.5,51.907008396209754,761.3248438880652,1,0.0,116.5915561646018
2025-11-24 09:00:00,86916.4,86916.4,85760.0,85913.7,42.71380193275833,789.5516407532034,1,0.0,116.5915561646018
2025-11-24 10:00:00,85913.8,86164.7,85654.1,86017.1,43.818703696330374,769.6265235565454,1,-0.0021487061698031804,116.16306047329529
2025-11-24 11:00:00,86017.1,86409.3,85796.2,86232.5,46.14882584011448,758.4460575882212,0,-0.0021487061698031804,115.34847736949826
2025-11-24 12:00:00,86232.5,86290.0,85840.0,85967.3,43.743295000405205,736.4141963319196,1,0.0,115.83093568581717
2025-11-24 13:00:00,85967.2,86544.2,85919.0,86114.7,45.44541500851256,728.4703251653536,0,-0.0021333574685088847,115.23951933951805
2025-11-24 14:00:00,86114.7,86634.1,85226.4,86128.0,45.60533803798716,776.9867305106864,0,0.0,115.44100745686727
2025-11-24 15:00:00,86127.9,86700.0,85858.8,86571.0,50.780821026189635,781.5733926170657,0,0.0,115.44100745686727
2025-11-24 16:00:00,86571.1,87678.7,86571.0,87123.2,56.35529082192939,804.8681502872752,0,0.002111349009946054,117.54838063722072
2025-11-24 17:00:00,87123.3,88402.7,86888.0,88314.9,65.44972908664138,855.5704252667554,0,0.002111349009946054,122.15959998089536
2025-11-24 18:00:00,88315.0,88669.6,88128.4,88658.9,67.55163503818426,833.1153948905594,2,0.002111349009946054,123.49599945023081
2025-11-24 19:00:00,88658.8,88788.0,87990.7,88277.0,62.971465809876534,830.5571523983767,2,0.002111349009946054,122.01236294633779
2025-11-24 20:00:00,88277.1,89177.3,88277.1,89018.7,67.5703384228722,835.5387843699215,2,0.002111349009946054,124.89378005798343
2025-11-24 21:00:00,89018.6,89073.3,88670.0,88713.3,64.04327068990145,804.6645854863559,2,0.002111349009946054,123.70733704073042
2025-11-24 22:00:00,88713.3,89053.3,88548.6,88584.7,62.56236473044459,783.2385436659018,2,0.002111349009946054,123.20774119260093
2025-11-24 23:00:00,88584.7,88650.5,88205.3,88247.1,58.72342322513556,759.0929334040516,2,0.002111349009946054,121.89620496920664
2025-11-25 00:00:00,88247.1,88247.1,87825.0,88057.9,56.62631884935474,735.0220095894769,2,0.002111349009946054,121.16118526107209
2025-11-25 01:00:00,88058.0,88172.6,87666.0,87687.5,52.66138888633332,718.7061517616575,2,0.002111349009946054,119.70363280623123
2025-11-25 02:00:00,87687.6,87900.0,87378.8,87864.4,54.30693120374628,704.5985694929674,2,0.002111349009946054,120.39086846357262
2025-11-25 03:00:00,87864.3,88014.2,87500.0,87775.1,53.29970581408017,690.9986716720409,2,0.002111349009946054,120.04394848505041
2025-11-25 04:00:00,87775.0,88477.6,87739.6,88298.9,58.19721579044918,694.3559094097523,2,0.002111349009946054,122.07884977004429
2025-11-25 05:00:00,88298.9,88299.0,88186.6,88190.9,56.87286282682502,652.7876301661981,2,0.002111349009946054,121.6592824947878
